s_m_title,HumDockScore,RatDockScore,ChimpDockScore,AVG,bindingClass,P_Act_dockChimp,P_Inact,PredBayes,ratio,cas,casrn,cid,gsid,BindingClass,avgD_Act,avgD_Inact,PredBindingClass,predMLogR,label
87546-18-7,0,0,0,0,0,5.40354E-06,0.00241039,0,0.002241769,87546-18-7,87546-18-7,12554,32554,0,0.8893,0.8937,0.156388568,0,Nonbinders
125-84-8,-8.293676944,-8.432809733,-8.108369742,-8.278285473,0,0.188812963,0.112705371,1,1.675279195,125-84-8,125-84-8,2589,22589,0,0.8836,0.9012,0.320726579,0,Nonbinders
695-06-7,-4.964065441,-4.816134546,-4.833004326,-4.871068104,0,0.02259853,0.169133956,0,0.133613203,695-06-7,695-06-7,21298,41298,0,0.8953,0.9,0.042201681,0,Nonbinders
124-22-1,-4.127151765,-4.792711828,-4.947109442,-4.622324345,0,0.02552764,0.174372188,0,0.146397429,124-22-1,124-22-1,1984,21984,0,0.9463,0.9204,0.001094298,0,Nonbinders
5349-51-9,-7.067286697,-7.631024802,-7.318475766,-7.338929089,0,0.146880978,0.158481792,0,0.926800332,5349-51-9,5349-51-9,20716,40716,0,0.9291,0.9341,0.02683925,0,Nonbinders
121-33-5,-6.297576049,-6.399966181,-6.525802608,-6.407781612,0,0.096635671,0.191033867,0,0.505856225,121-33-5,121-33-5,1969,21969,0,0.8841,0.89,0.070383905,0,Nonbinders
2528-16-7,-10.29361812,-10.23567232,-9.822292108,-10.11719418,0,0.184114808,0.031629009,1,5.821074211,2528-16-7,2528-16-7,23938,43938,0,0.8858,0.8717,0.096874291,0,Nonbinders
98319-26-7,0,0,0,0,0,5.40354E-06,0.00241039,0,0.002241769,98319-26-7,98319-26-7,625,20625,0,0.8947,0.9281,0.521357621,1,Nonbinders
2043-57-4,-7.85603167,0,0,-2.618677223,0,5.40354E-06,0.00241039,0,0.002241769,2043-57-4,2043-57-4,27565,47565,0,0.9759,0.9744,0.008006449,0,Nonbinders
151506-44-4,0,0,0,0,0,5.40354E-06,0.00241039,0,0.002241769,151506-44-4,151506-44-4,28149,48175,0,0.9065,0.9138,0.1155554,0,Nonbinders
219790-72-4,0,0,0,0,0,5.40354E-06,0.00241039,0,0.002241769,219790-72-4,219790-72-4,27324,47324,0,0.9201,0.9218,0.055184687,0,Nonbinders
79-24-3,-0.905017648,-0.938743218,-0.894120705,-0.91262719,0,4.03503E-05,0.008183165,0,0.004930895,79-24-3,79-24-3,969,20969,0,0.9419,0.9253,0.00825316,0,Nonbinders
2610-11-9,0,0,0,0,0,5.40354E-06,0.00241039,0,0.002241769,2610-11-9,2610-11-9,21726,41726,0,0.9072,0.9125,0.100538474,0,Nonbinders
107-30-2,-1.357402455,-1.349706232,-1.625391258,-1.444166648,0,0.000178404,0.019194958,0,0.009294293,107-30-2,107-30-2,307,20307,0,0.9452,0.9329,0.009133109,0,Nonbinders
106-22-9,-5.844282657,-6.179038737,-6.409139343,-6.144153579,0,0.089589215,0.1937979,0,0.462281661,106-22-9,106-22-9,6726,26726,0,0.9472,0.9256,0.001548579,0,Nonbinders
99-86-5,-7.087254409,-7.327347065,-6.931958609,-7.115520028,0,0.122281719,0.17700174,0,0.690850375,99-86-5,99-86-5,21237,41237,0,0.9286,0.9308,0.017698412,0,Nonbinders
107-75-5,0,-5.896353392,-5.745061808,-3.880471733,0,0.054346332,0.197239781,0,0.275534338,107-75-5,107-75-5,22232,42232,0,0.9348,0.922,0.00348779,0,Nonbinders
126-98-7,-2.748476184,-2.705258741,-2.897670032,-2.783801652,0,0.001688426,0.061712821,0,0.027359412,126-98-7,126-98-7,4176,24176,0,0.9651,0.9569,0.004589993,0,Nonbinders
2943-75-1,0,0,0,0,0,5.40354E-06,0.00241039,0,0.002241769,2943-75-1,2943-75-1,9246,29246,0,0.9416,0.924,0.008061814,0,Nonbinders
962-58-3,0,0,-6.690022863,-2.230007621,0,0.106846882,0.186144103,0,0.574000898,962-58-3,962-58-3,17523,37523,0,0.9021,0.8944,0.018357317,0,Nonbinders
90-02-8,-5.791361352,-6.213893872,-6.448919819,-6.151391681,0,0.091969619,0.19292395,0,0.476714367,90-02-8,90-02-8,1792,21792,0,0.899,0.9001,0.032053545,0,Nonbinders
88-60-8,-7.601788724,-8.074326498,-7.277919685,-7.651344969,0,0.144351891,0.160608973,0,0.898778493,88-60-8,88-60-8,6529,26529,0,0.8892,0.903,0.145847963,0,Nonbinders
4437-85-8,-4.362181639,-4.684194435,-4.101891683,-4.382755919,0,0.009534147,0.128867304,0,0.073984219,4437-85-8,4437-85-8,20342,40342,0,0.9009,0.9032,0.040172552,0,Nonbinders
138-22-7,-4.224476634,-4.548889227,-5.191649049,-4.65500497,0,0.032763196,0.184141576,0,0.177923947,138-22-7,138-22-7,22196,42196,0,0.9146,0.8787,0.001446491,0,Nonbinders
4940-11-8,-5.940642159,-5.932176936,-5.797958102,-5.890259066,0,0.056797237,0.197753033,0,0.287212978,4940-11-8,4940-11-8,21516,41516,0,0.885,0.8904,0.054371291,0,Nonbinders
NOCAS_47305,0,-8.199330634,0,-2.733110211,0,5.40354E-06,0.00241039,0,0.002241769,,NOCAS_47305,27305,47305,0,0.8988,0.9136,0.215934319,0,Nonbinders
29232-93-7,-5.440129359,0,-6.037106341,-3.825745233,0,0.068692246,0.198368161,0,0.346286649,29232-93-7,29232-93-7,4266,24266,0,0.911,0.9179,0.028293664,0,Nonbinders
17924-92-4,0,0,0,0,0,5.40354E-06,0.00241039,0,0.002241769,17924-92-4,17924-92-4,1460,21460,0,0.8905,0.9185,0.464256312,0,Nonbinders
6683-19-8,0,0,0,0,0,5.40354E-06,0.00241039,0,0.002241769,6683-19-8,6683-19-8,7633,27633,0,0.8889,0.8882,0.117724683,0,Nonbinders
59-50-7,-6.744270001,-6.860127098,-6.018991921,-6.541129673,0,0.067745994,0.198419797,0,0.341427594,59-50-7,59-50-7,1717,21717,0,0.8712,0.8924,0.210104338,0,Nonbinders
1646-87-3,-5.065592011,-5.272373233,-5.464120145,-5.267361796,0,0.042463211,0.192291073,0,0.220827781,1646-87-3,1646-87-3,13161,33161,0,0.9385,0.9278,0.003553014,0,Nonbinders
141-79-7,-3.986903899,-4.030035041,-3.699731328,-3.905556756,0,0.005582417,0.10487946,0,0.053226976,141-79-7,141-79-7,9170,29170,0,0.9498,0.9287,0.002233393,0,Nonbinders
104-66-5,0,-7.803776071,0,-2.60125869,0,5.40354E-06,0.00241039,0,0.002241769,104-66-5,104-66-5,6706,26706,0,0.9032,0.894,0.045845303,0,Nonbinders
111-84-2,0,-4.7108246,0,-1.570274867,0,5.40354E-06,0.00241039,0,0.002241769,111-84-2,111-84-2,5796,25796,0,0.939,0.9114,0.004497109,0,Nonbinders
2807-30-9,-2.49207019,-2.146750472,-2.516758048,-2.385192903,0,0.00090124,0.045370725,0,0.01986391,2807-30-9,2807-30-9,7500,27500,0,0.9434,0.9173,0.003139873,0,Nonbinders
1689-84-5,-6.814663661,-7.070086116,-7.49707067,-7.127273482,0,0.157733684,0.148722497,1,1.060590612,1689-84-5,1689-84-5,2162,22162,0,0.9236,0.9399,0.073490755,0,Nonbinders
142459-58-3,-9.784548973,0,0,-3.261516324,0,5.40354E-06,0.00241039,0,0.002241769,142459-58-3,142459-58-3,12552,32552,0,0.8906,0.8968,0.167151456,0,Nonbinders
103-41-3,-9.388568393,-9.465000857,0,-6.284523084,0,5.40354E-06,0.00241039,0,0.002241769,103-41-3,103-41-3,21663,41663,0,0.8991,0.8856,0.03940086,0,Nonbinders
55290-64-7,-5.146886144,-5.168257934,-5.522281696,-5.279141925,0,0.044765613,0.193615505,0,0.23120882,55290-64-7,55290-64-7,4052,24052,0,0.9263,0.9156,0.005206466,0,Nonbinders
148-24-3,-7.419534521,-7.725412615,-7.04746021,-7.397469116,0,0.129704605,0.171916226,0,0.754464009,148-24-3,148-24-3,730,20730,0,0.9169,0.9226,0.034234192,0,Nonbinders
57-50-1,-10.62270884,-9.571237092,-10.92209583,-10.37201392,0,0.12009408,0.00954198,1,12.58586515,57-50-1,57-50-1,1288,21288,0,0.9502,0.9547,0.04546062,0,Nonbinders
571-58-4,-8.347566522,-8.380646504,-7.608018186,-8.112077071,0,0.164173637,0.142397575,1,1.152924386,571-58-4,571-58-4,15423,35423,0,0.9026,0.8982,0.040056193,0,Nonbinders
120116-88-3,0,0,0,0,0,5.40354E-06,0.00241039,0,0.002241769,120116-88-3,120116-88-3,14492,34492,0,0.9087,0.9165,0.111915978,0,Nonbinders
99-65-0,-4.468166906,-6.203955558,-4.016218163,-4.896113542,0,0.00853738,0.123749594,0,0.068989159,99-65-0,99-65-0,4065,24065,0,0.8983,0.8982,0.038675263,0,Nonbinders
23135-22-0,0,-3.830167882,-4.181422073,-2.670529985,0,0.010544895,0.133589895,0,0.078934824,23135-22-0,23135-22-0,1086,21086,0,0.9412,0.9296,0.004432081,0,Nonbinders
94-60-0,-6.426737779,-6.336311815,-5.912543555,-6.225197716,0,0.062333043,0.198397673,0,0.314182332,94-60-0,94-60-0,6566,26566,0,0.9139,0.9051,0.00897298,0,Nonbinders
153233-91-1,0,0,0,0,0,5.40354E-06,0.00241039,0,0.002241769,153233-91-1,153233-91-1,14586,34586,0,0.8862,0.9069,0.378488703,0,Nonbinders
104206-82-8,-7.666605206,-1.851694428,-7.592854652,-5.703718095,0,0.1633097,0.143271641,1,1.139860611,104206-82-8,104206-82-8,12424,32424,0,0.8882,0.9069,0.234083639,0,Nonbinders
99-85-4,0,-7.398287853,-6.362480831,-4.586922895,0,0.086829097,0.19473078,0,0.445893026,99-85-4,99-85-4,21210,41210,0,0.9312,0.9323,0.011411038,0,Nonbinders
83-41-0,-6.144734159,-6.080786738,-5.779187266,-6.001569388,0,0.055919864,0.19758641,0,0.283014728,83-41-0,83-41-0,5132,25132,0,0.9016,0.8996,0.020261723,0,Nonbinders
84-61-7,0,0,0,0,0,5.40354E-06,0.00241039,0,0.002241769,84-61-7,84-61-7,5021,25021,0,0.8875,0.8891,0.1399286,0,Nonbinders
120-51-4,-8.338803637,-8.553733175,-7.976208373,-8.289581728,0,0.18314655,0.120610534,1,1.518495477,120-51-4,120-51-4,9153,29153,0,0.8891,0.8717,0.033624403,0,Nonbinders
26040-51-7,0,0,0,0,0,5.40354E-06,0.00241039,0,0.002241769,26040-51-7,26040-51-7,7887,27887,0,0.9141,0.8921,0.014240707,0,Nonbinders
61-82-5,-4.052963525,-3.106201531,-3.228534638,-3.462566564,0,0.002823022,0.078300386,0,0.036053743,61-82-5,61-82-5,76,20076,0,0.9442,0.9399,0.010052851,0,Nonbinders
4098-71-9,-7.498457429,0,-6.865599851,-4.788019093,0,0.118021435,0.179722643,0,0.656686509,4098-71-9,4098-71-9,3826,23826,0,0.9385,0.9488,0.02130976,0,Nonbinders
534-13-4,-3.543015137,-3.995411295,-3.21720478,-3.585210404,0,0.002775102,0.077699484,0,0.035715836,534-13-4,534-13-4,22191,42191,0,0.9662,0.9544,0.003070033,0,Nonbinders
87-24-1,-6.4331164,-6.486839588,-5.9802296,-6.300061863,0,0.065745449,0.198476176,0,0.331251087,87-24-1,87-24-1,20711,40711,0,0.8748,0.8526,0.012714156,0,Nonbinders
7747-35-5,-3.318826893,-3.392016082,-3.591252967,-3.434031981,0,0.004796482,0.098533609,0,0.048678637,7747-35-5,7747-35-5,9289,29289,0,0.9274,0.9338,0.02924169,0,Nonbinders
82558-50-7,0,0,0,0,0,5.40354E-06,0.00241039,0,0.002241769,82558-50-7,82558-50-7,4159,24159,0,0.8843,0.8847,0.14245927,0,Nonbinders
924-16-3,-4.867639003,-4.609453496,-4.05775309,-4.511615196,0,0.009009077,0.126233428,0,0.071368392,924-16-3,924-16-3,1026,21026,0,0.937,0.9131,0.002353326,0,Nonbinders
556-67-2,0,0,0,0,0,5.40354E-06,0.00241039,0,0.002241769,556-67-2,556-67-2,7205,27205,0,0.9705,0.9592,0.004943098,0,Nonbinders
42874-03-3,-8.465484679,-8.52691818,-8.805209858,-8.599204239,0,0.205340573,0.073394817,1,2.797753069,42874-03-3,42874-03-3,4241,24241,0,0.8737,0.8913,0.492993049,0,Nonbinders
108-39-4,-6.069037242,-6.032488012,-5.636313298,-5.912612851,0,0.049518964,0.195762427,0,0.252954383,108-39-4,108-39-4,4200,24200,0,0.8836,0.8913,0.064794268,0,Nonbinders
68359-37-5,0,0,0,0,0,5.40354E-06,0.00241039,0,0.002241769,68359-37-5,68359-37-5,28078,35957,0,0.887,0.9027,0.298168419,0,Nonbinders
117428-22-5,0,0,-8.297232595,-2.765744198,0,0.195633921,0.101534654,1,1.926769968,117428-22-5,117428-22-5,27542,47542,0,0.8847,0.8901,0.185684917,0,Nonbinders
1763-23-1|2795-39-3,0,0,0,0,0,5.40354E-06,0.00241039,0,0.002241769,1763-23-1,1763-23-1|2795-39-3,11864|17706,31864|37706,0,0.962,0.9582,0.010625535,0,Nonbinders
72-20-8,0,0,-8.821683293,-2.940561098,0,0.205427372,0.072548784,1,2.831575696,72-20-8,72-20-8,196608,20561,0,0.9234,0.9473,0.236794524,0,Nonbinders
1918-02-1,-5.844028316,-7.582837125,-6.858416531,-6.761760657,0,0.117561007,0.180007909,0,0.653088008,1918-02-1,1918-02-1,1160,21160,0,0.9257,0.9215,0.012161589,0,Nonbinders
80-46-6,-7.04498757,-7.834306325,-7.416506956,-7.431933617,0,0.15290252,0.153197849,0,0.998072235,80-46-6,80-46-6,1771,21771,0,0.8724,0.888,0.265242619,0,Nonbinders
487-06-9,-6.87806737,-6.733020916,-6.737070249,-6.782719512,0,0.10982123,0.184539299,0,0.595110259,487-06-9,487-06-9,21421,41421,0,0.8983,0.907,0.060898902,0,Nonbinders
104098-48-8,0,-8.663068755,-7.367757431,-5.343608729,0,0.149925695,0.155849416,0,0.961990745,104098-48-8,104098-48-8,14270,34270,0,0.902,0.909,0.071410194,0,Nonbinders
108-98-5,-6.131934572,-5.914482634,-5.61808586,-5.888167689,0,0.048737893,0.195459897,0,0.249349835,108-98-5,108-98-5,6811,26811,0,0.9173,0.912,0.009889316,0,Nonbinders
112-18-5,0,-4.844757758,0,-1.614919253,0,5.40354E-06,0.00241039,0,0.002241769,112-18-5,112-18-5,6906,26906,0,0.9232,0.9064,0.01511287,0,Nonbinders
2176-62-7,-7.420831028,-7.696577483,-7.131492553,-7.416300355,0,0.135085459,0.167959465,0,0.804274168,2176-62-7,2176-62-7,2179,22179,0,0.9567,0.9633,0.011167395,0,Nonbinders
2212-67-1,-5.81174954,-6.157696624,-5.516657288,-5.82870115,0,0.044539364,0.193494107,0,0.230184602,2212-67-1,2212-67-1,4206,24206,0,0.9155,0.9028,0.00640145,0,Nonbinders
175013-18-0,0,0,0,0,0,5.40354E-06,0.00241039,0,0.002241769,175013-18-0,175013-18-0,12638,32638,0,0.883,0.8895,0.206609866,0,Nonbinders
25057-89-0,-6.957362677,-6.898955688,-5.721840301,-6.526052889,0,0.053291548,0.196971791,0,0.270554213,25057-89-0,25057-89-0,3901,23901,0,0.9091,0.9106,0.020102985,0,Nonbinders
103-23-1,0,0,0,0,0,5.40354E-06,0.00241039,0,0.002241769,103-23-1,103-23-1,606,20606,0,0.9268,0.8943,0.004763471,0,Nonbinders
6259-76-3,-7.442478595,-7.541072311,-7.325484548,-7.436345151,0,0.147315991,0.158110521,0,0.931727947,6259-76-3,6259-76-3,18924,38924,0,0.8679,0.8482,0.035440067,0,Nonbinders
118-56-9,-9.286788593,0,-10.7044983,-6.663762299,0,0.134063971,0.012385895,1,10.82392262,118-56-9,118-56-9,6241,26241,0,0.8717,0.8863,0.534084361,1,Nonbinders
335-76-2,0,0,0,0,0,5.40354E-06,0.00241039,0,0.002241769,335-76-2,335-76-2,11860,31860,0,0.9502,0.939,0.009414576,0,Nonbinders
110-16-7,-4.134967744,-4.171421433,-4.766755432,-4.35771487,0,0.021021302,0.165919644,0,0.12669568,110-16-7,110-16-7,1517,21517,0,0.9543,0.933,0.001219288,0,Nonbinders
6359-90-6,-10.71664452,0,0,-3.57221484,0,5.40354E-06,0.00241039,0,0.002241769,6359-90-6,6359-90-6,21646,41646,0,0.8858,0.9052,0.361154988,0,Nonbinders
473289-62-2,0,0,0,0,0,5.40354E-06,0.00241039,0,0.002241769,473289-62-2,473289-62-2,27356,47356,0,0.8961,0.9105,0.226023871,0,Nonbinders
7540-51-4,0,0,0,0,0,5.40354E-06,0.00241039,0,0.002241769,7540-51-4,7540-51-4,21550,41550,0,0.9472,0.9256,0.005181543,0,Nonbinders
92-84-2,-8.282463189,-8.377705176,-8.01576221,-8.225310192,0,0.184914316,0.11824179,1,1.563865999,92-84-2,92-84-2,1126,21126,0,0.925,0.928,0.043083638,0,Nonbinders
633-96-5,-8.148825759,-10.13138662,0,-6.093404127,0,5.40354E-06,0.00241039,0,0.002241769,633-96-5,633-96-5,18881,38881,0,0.9129,0.9186,0.087483028,0,Nonbinders
99-08-1,-5.503122845,-6.000689127,-5.132751156,-5.545521043,0,0.030896879,0.181985775,0,0.169776342,99-08-1,99-08-1,1831,21831,0,0.8894,0.8858,0.027472082,0,Nonbinders
118-47-8,-9.267845583,-9.344484977,-6.854907681,-8.489079413,0,0.117336169,0.180146581,0,0.651337195,118-47-8,118-47-8,21273,41273,0,0.9044,0.9092,0.042167776,0,Nonbinders
525-82-6,-9.177731835,-9.404981572,-8.98208855,-9.188267319,0,0.205498426,0.064576702,1,3.182237852,525-82-6,525-82-6,2048,22048,0,0.8957,0.9056,0.238674132,0,Nonbinders
5407-98-7,-7.484590134,-7.411839161,-6.712671845,-7.203033713,0,0.108276513,0.185382481,0,0.584070903,5407-98-7,5407-98-7,28176,48201,0,0.8887,0.8906,0.052126161,0,Nonbinders
99-55-8,-5.606203933,-4.779224624,-5.309108714,-5.231512424,0,0.0367273,0.188034746,0,0.195321881,99-55-8,99-55-8,959,20959,0,0.8987,0.8958,0.020999895,0,Nonbinders
97-59-6,-4.603171901,-7.127482255,-4.633941723,-5.454865293,0,0.018119377,0.159136965,0,0.113860262,97-59-6,97-59-6,43,20043,0,0.9381,0.9347,0.007020635,0,Nonbinders
100-01-6,-4.285199535,-4.263443462,-4.071172765,-4.206605254,0,0.009166083,0.127034953,0,0.072154027,100-01-6,100-01-6,961,20961,0,0.9149,0.9097,0.016228322,0,Nonbinders
155990-20-8,0,0,0,0,0,5.40354E-06,0.00241039,0,0.002241769,155990-20-8,155990-20-8,27347,47347,0,0.9008,0.914,0.188482386,0,Nonbinders
18979-55-0,-6.468932197,-6.247375681,-6.562408646,-6.426238841,0,0.098885184,0.19004273,0,0.520331317,18979-55-0,18979-55-0,28170,48195,0,0.8691,0.8724,0.094214908,0,Nonbinders
563-12-2,0,0,-5.303665352,-1.767888451,0,0.036536377,0.187866698,0,0.194480327,563-12-2,563-12-2,4086,24086,0,0.945,0.9302,0.002232217,0,Nonbinders
75-12-7,-2.271160692,-2.885107405,-2.620494402,-2.592254167,0,0.001073371,0.049511405,0,0.021679264,75-12-7,75-12-7,5337,25337,0,0.979,0.9666,0.002466884,0,Nonbinders
5915-41-3,-5.727462226,-4.989727412,-4.764939136,-5.160709592,0,0.020979303,0.165829849,0,0.126511016,5915-41-3,5915-41-3,7608,27608,0,0.9288,0.9292,0.011563662,0,Nonbinders
154-42-7,-4.877290786,-4.946531682,-4.529240768,-4.784354412,0,0.0160638,0.153512812,0,0.104641431,154-42-7,154-42-7,3652,23652,0,0.9534,0.9557,0.00659372,0,Nonbinders
88671-89-0,-8.640947358,0,-9.191610218,-5.944185859,0,0.203485159,0.054938385,1,3.703879523,88671-89-0,88671-89-0,4315,24315,0,0.8895,0.9123,0.494779943,0,Nonbinders
2835-95-2,-5.559677522,-6.058151662,-5.217792308,-5.61187383,0,0.033617406,0.185055721,0,0.181660991,2835-95-2,2835-95-2,4489,24489,0,0.9002,0.9016,0.026890988,0,Nonbinders
104-61-0,-5.790051381,-6.121774773,-5.611669469,-5.841165208,0,0.048464866,0.19534969,0,0.248092873,104-61-0,104-61-0,14229,34229,0,0.8949,0.8925,0.024036641,0,Nonbinders
94-81-5,-8.200996897,-8.478622514,-8.471628106,-8.383749172,0,0.200456789,0.09148532,1,2.191136113,94-81-5,94-81-5,4193,24193,0,0.869,0.868,0.213574904,0,Nonbinders
66-71-7,-8.31895934,-8.45116435,-7.916485877,-8.228869856,0,0.180367237,0.124186174,1,1.452393865,66-71-7,66-71-7,5857,25857,0,0.9307,0.9317,0.029774222,0,Nonbinders
717-74-8,0,-8.296870238,0,-2.765623413,0,5.40354E-06,0.00241039,0,0.002241769,717-74-8,717-74-8,21232,41232,0,0.9211,0.9192,0.042575695,0,Nonbinders
122836-35-5,-9.381708509,-10.93826277,-9.668575618,-9.996182298,0,0.190505505,0.036514931,1,5.217194674,122836-35-5,122836-35-5,12645,32645,0,0.9097,0.9199,0.200492375,0,Nonbinders
101-61-1,-8.931983756,0,0,-2.977327919,0,5.40354E-06,0.00241039,0,0.002241769,101-61-1,101-61-1,869,20869,0,0.9086,0.9088,0.070633688,0,Nonbinders
68-11-1,-3.630655797,-3.749445937,-3.883139233,-3.754413656,0,0.007163938,0.115782302,0,0.061874208,68-11-1,68-11-1,6141,26141,0,0.9441,0.918,0.001758928,0,Nonbinders
121-75-5,0,0,-5.729285877,-1.909761959,0,0.053628334,0.197060542,0,0.272141413,121-75-5,121-75-5,791,20791,0,0.9291,0.914,0.003575721,0,Nonbinders
23386-52-9,0,0,-8.26303007,-2.754343357,0,0.194517299,0.103539914,1,1.878669701,23386-52-9,23386-52-9,7826,27826,0,0.9286,0.924,0.027701265,0,Nonbinders
112809-51-5,0,0,0,0,0,5.40354E-06,0.00241039,0,0.002241769,112809-51-5,112809-51-5,3202,23202,0,0.9334,0.946,0.073700414,0,Nonbinders
298-46-4,-9.862725224,-9.093297483,-9.050647074,-9.335556594,0,0.205100634,0.061323205,1,3.344584372,298-46-4,298-46-4,2731,22731,0,0.9054,0.8949,0.057061801,0,Nonbinders
112-60-7,-1.498423059,-1.994851425,-2.393467865,-1.96224745,0,0.00072947,0.040756063,0,0.017898449,112-60-7,112-60-7,6922,26922,0,0.9656,0.9451,0.002350481,0,Nonbinders
300-76-5,-4.319844842,-4.439048731,-4.386609914,-4.381834495,0,0.01356979,0.145532883,0,0.093242092,300-76-5,300-76-5,4209,24209,0,0.9373,0.9363,0.009288999,0,Nonbinders
51632-16-7,-8.60293047,-8.75611221,-7.835001408,-8.398014696,0,0.176373275,0.129052415,1,1.366679388,51632-16-7,51632-16-7,8022,28022,0,0.9084,0.9056,0.043499446,0,Nonbinders
344930-95-6,0,0,0,0,0,5.40354E-06,0.00241039,0,0.002241769,344930-95-6,344930-95-6,27368,47368,0,0.9028,0.9151,0.170312004,0,Nonbinders
108-95-2|139-02-6,-4.585561718,-5.49456106,-5.31487446,-5.131665746,0,0.036930303,0.188211406,0,0.196217134,108-95-2,108-95-2|139-02-6,1124|7072,21124|27072,0,0.8904,0.8988,0.056061342,0,Nonbinders
140-38-5,-7.249212254,-7.258631128,-6.816122237,-7.10798854,0,0.11485433,0.181649663,0,0.63228485,140-38-5,140-38-5,21512,41512,0,0.8949,0.899,0.052555651,0,Nonbinders
78-40-0,-3.090745313,-3.073777114,-2.933350313,-3.032624247,0,0.001787158,0.063400233,0,0.028188516,78-40-0,78-40-0,6228,26228,0,0.9312,0.9052,0.00402049,0,Nonbinders
5234-68-4,-8.092419719,-7.907547688,-7.693168463,-7.897711957,0,0.168918831,0.137442042,1,1.229018639,5234-68-4,5234-68-4,3951,23951,0,0.8921,0.8938,0.085100044,0,Nonbinders
124-19-6,-4.598734886,-4.659074765,-5.066003035,-4.774604229,0,0.028877799,0.179386844,0,0.160980585,124-19-6,124-19-6,1639,21639,0,0.9347,0.907,0.001359649,0,Nonbinders
106-87-6,-6.184690398,-6.264036021,-5.855814959,-6.101513793,0,0.059554008,0.198158739,0,0.300536874,106-87-6,106-87-6,604,20604,0,0.9724,0.9816,0.004685481,0,Nonbinders
139290-65-6,0,0,0,0,0,5.40354E-06,0.00241039,0,0.002241769,139290-65-6,139290-65-6,27363,47363,0,0.896,0.909,0.210573611,0,Nonbinders
118-82-1,0,0,0,0,0,5.40354E-06,0.00241039,0,0.002241769,118-82-1,118-82-1,2411,22411,0,0.894,0.9049,0.198004479,0,Nonbinders
123-51-3,-3.165210918,-4.084078851,-4.173480441,-3.80759007,0,0.010440115,0.133120004,0,0.078426344,123-51-3,123-51-3,5469,25469,0,0.9541,0.932,0.001468649,0,Nonbinders
112-34-5,-1.751183891,-2.096951753,-3.502733174,-2.450289606,0,0.004228067,0.093439007,0,0.045249484,112-34-5,112-34-5,1519,21519,0,0.9325,0.9083,0.003427978,0,Nonbinders
446-86-6,-5.493010451,-5.088864386,-5.03320359,-5.205026143,0,0.027922424,0.178051422,0,0.156822244,446-86-6,446-86-6,119,20119,0,0.9351,0.9419,0.013460118,0,Nonbinders
98-00-0,-4.761322698,-4.605814863,-5.532307957,-4.966481839,0,0.045170843,0.193828339,0,0.23304561,98-00-0,98-00-0,5347,25347,0,0.9078,0.9069,0.017783237,0,Nonbinders
87-86-5,-8.76011741,-8.859757459,-8.056608111,-8.55882766,0,0.186676275,0.115797412,1,1.612093671,87-86-5,87-86-5,1106,21106,0,0.9401,0.95,0.043598091,0,Nonbinders
838-85-7,-8.888925265,-8.336967669,0,-5.741964311,0,5.40354E-06,0.00241039,0,0.002241769,838-85-7,838-85-7,28182,48207,0,0.901,0.895,0.059989596,0,Nonbinders
827-21-4,-7.048847952,-7.467905679,-7.017168178,-7.177973936,0,0.12775913,0.173291018,0,0.737251888,827-21-4,827-21-4,21639,41639,0,0.8959,0.8941,0.039280905,0,Nonbinders
92-68-2,-7.954153687,-8.323960566,-7.854251494,-8.044121915,0,0.177336988,0.127904834,1,1.386476045,92-68-2,92-68-2,20721,40721,0,0.9312,0.9479,0.076389128,0,Nonbinders
15214-89-8,-4.933967566,-4.725915166,-5.967446606,-5.209109779,0,0.065093053,0.198478586,0,0.327960082,15214-89-8,15214-89-8,7770,27770,0,0.9314,0.917,0.003601435,0,Nonbinders
140-67-0,-6.114263716,-6.648301364,-5.94987902,-6.237481367,0,0.064202471,0.198468802,0,0.323488984,140-67-0,140-67-0,575,20575,0,0.9019,0.9,0.020709092,0,Nonbinders
4151-50-2,0,0,0,0,0,5.40354E-06,0.00241039,0,0.002241769,4151-50-2,4151-50-2,12646,32646,0,0.9346,0.9292,0.022438267,0,Nonbinders
111-82-0,0,-4.708526186,-4.375434445,-3.027986877,0,0.013388523,0.144894622,0,0.092401797,111-82-0,111-82-0,6889,26889,0,0.9138,0.8801,0.002213383,0,Nonbinders
77-86-1,-4.667474541,-4.80330456,-5.201460812,-4.890746637,0,0.033081917,0.184487789,0,0.179317651,77-86-1,77-86-1,3723,23723,0,0.9653,0.955,0.001612355,0,Nonbinders
207736-05-8,0,0,0,0,0,5.40354E-06,0.00241039,0,0.002241769,207736-05-8,207736-05-8,27262,47262,0,0.8963,0.9133,0.256708102,0,Nonbinders
21564-17-0,-6.413531164,-6.442129991,-6.762902875,-6.539521343,0,0.11146156,0.183621242,0,0.607018879,21564-17-0,21564-17-0,12647,32647,0,0.9213,0.9271,0.025503014,0,Nonbinders
1569-02-4,-2.556574136,-2.92996297,-3.655295851,-3.047277652,0,0.005247982,0.102268073,0,0.051315939,1569-02-4,1569-02-4,4283,41267,0,0.9363,0.9141,0.00324243,0,Nonbinders
1120-71-4,-2.580526348,-2.605424909,-2.475699988,-2.553883748,0,0.000840336,0.04379696,0,0.019187091,1120-71-4,1120-71-4,1195,21195,0,0.9721,0.9702,0.006461914,0,Nonbinders
153719-23-4,0,0,0,0,0,5.40354E-06,0.00241039,0,0.002241769,153719-23-4,153719-23-4,14962,34962,0,0.91,0.9188,0.114509558,0,Nonbinders
3025-30-7,-5.005666372,-5.749865513,-5.002719312,-5.252750399,0,0.02705591,0.176776966,0,0.153051107,3025-30-7,3025-30-7,21357,41357,0,0.9236,0.8948,0.001820286,0,Nonbinders
97-99-4,-4.898235427,-5.209125658,-5.696057066,-5.26780605,0,0.052135617,0.196643912,0,0.265127036,97-99-4,97-99-4,9128,29128,0,0.9506,0.9552,0.006736742,0,Nonbinders
83834-59-7,-7.647387975,-8.294896597,-8.352777577,-8.09835405,0,0.197330265,0.098299856,1,2.00743188,83834-59-7,83834-59-7,28119,47205,0,0.8914,0.8809,0.061808754,0,Nonbinders
122-88-3,-7.14889731,-7.327146909,-7.58030837,-7.35211753,0,0.162590809,0.143992701,1,1.129160075,122-88-3,122-88-3,14282,34282,0,0.8666,0.8753,0.234922563,0,Nonbinders
91-66-7,-6.320567621,-5.959899855,-5.59204134,-5.957502938,0,0.047635882,0.195000606,0,0.244285816,91-66-7,91-66-7,1800,21800,0,0.8913,0.8855,0.021500711,0,Nonbinders
644-97-3,-5.507304668,-5.575791149,-5.249629791,-5.444241869,0,0.034679296,0.186132578,0,0.186315025,644-97-3,644-97-3,7282,27282,0,0.9167,0.9204,0.018679203,0,Nonbinders
120-12-7,-8.715994081,-8.983296115,-8.55515973,-8.751483309,0,0.202229102,0.086798752,1,2.329861858,120-12-7,120-12-7,3878,23878,0,0.9105,0.9117,0.081604812,0,Nonbinders
95-13-6,0,-6.842281144,0,-2.280760381,0,5.40354E-06,0.00241039,0,0.002241769,95-13-6,95-13-6,22052,42052,0,0.9225,0.9303,0.075312988,0,Nonbinders
93-15-2,-6.381282912,-6.946652897,-6.33334156,-6.553759123,0,0.085123665,0.19526228,0,0.435945259,93-15-2,93-15-2,5607,25607,0,0.9006,0.9001,0.026284128,0,Nonbinders
108-67-8,-6.701269122,-6.406321031,0,-4.369196718,0,5.40354E-06,0.00241039,0,0.002241769,108-67-8,108-67-8,6797,26797,0,0.9205,0.9168,0.038623677,0,Nonbinders
115-77-5,-5.181492966,-3.745719124,-5.035063107,-4.654091732,0,0.027975946,0.178128134,0,0.157055179,115-77-5,115-77-5,6943,26943,0,0.9657,0.9569,0.001819763,0,Nonbinders
80-56-8,-5.601315893,-6.855503852,-6.424639699,-6.293819815,0,0.090513843,0.193465908,0,0.467854226,80-56-8,80-56-8,6501,26501,0,0.9163,0.9283,0.037852469,0,Nonbinders
121-14-2,-4.998607233,-5.213497924,-4.710673866,-4.974259674,0,0.01975447,0.163107883,0,0.12111291,121-14-2,121-14-2,529,20529,0,0.8949,0.8976,0.039016258,0,Nonbinders
552-30-7,-7.773382606,-7.861150467,-7.804093585,-7.812875553,0,0.174800881,0.130891425,1,1.335464732,552-30-7,552-30-7,6235,26235,0,0.8938,0.8986,0.105091972,0,Nonbinders
335-67-1|3825-26-1,0,0,0,0,0,5.40354E-06,0.00241039,0,0.002241769,335-67-1,335-67-1|3825-26-1,11865|17708,31865|37708,0,0.9502,0.939,0.009414576,0,Nonbinders
2243-62-1,-7.858297777,-7.972986526,-7.24826133,-7.693181877,0,0.142490572,0.162140824,0,0.878807499,2243-62-1,2243-62-1,916,20916,0,0.9235,0.9243,0.023131188,0,Nonbinders
99607-70-2,0,0,0,0,0,5.40354E-06,0.00241039,0,0.002241769,99607-70-2,99607-70-2,21794,41794,0,0.8848,0.8787,0.09569333,0,Nonbinders
1260-17-9,0,0,0,0,0,5.40354E-06,0.00241039,0,0.002241769,1260-17-9,1260-17-9,2817,22817,0,0.8996,0.9079,0.148045342,0,Nonbinders
1120-04-3,0,0,0,0,0,5.40354E-06,0.00241039,0,0.002241769,1120-04-3,1120-04-3,27103,47103,0,0.9239,0.8958,0.006993981,0,Nonbinders
99-76-3,-6.042653357,-7.325100232,-6.006945567,-6.458233052,0,0.06712071,0.198445221,0,0.338232941,99-76-3,99-76-3,2529,22529,0,0.8635,0.862,0.068929672,0,Nonbinders
41198-08-7,0,0,0,0,0,5.40354E-06,0.00241039,0,0.002241769,41198-08-7,41198-08-7,12464,32464,0,0.8878,0.8927,0.167363663,0,Nonbinders
69806-50-4,0,0,0,0,0,5.40354E-06,0.00241039,0,0.002241769,69806-50-4,69806-50-4,14612,34612,0,0.8881,0.8822,0.088104147,0,Nonbinders
2921-88-2,0,0,-6.926524807,-2.308841602,0,0.12193252,0.177230246,0,0.687989339,2921-88-2,2921-88-2,458,20458,0,0.8938,0.8997,0.064687779,0,Nonbinders
127-51-5,-8.174999271,-8.142567748,-7.845813059,-8.054460026,0,0.176916034,0.128408074,1,1.377764102,127-51-5,127-51-5,7047,27047,0,0.9001,0.9141,0.15504972,0,Nonbinders
62-56-6,-3.268580764,-3.772992018,-3.210363963,-3.417312248,0,0.002746518,0.077337712,0,0.035513308,62-56-6,62-56-6,1348,21348,0,0.9854,0.9751,0.001856953,0,Nonbinders
86479-06-3,-9.001533262,0,0,-3.000511087,0,5.40354E-06,0.00241039,0,0.002241769,86479-06-3,86479-06-3,12620,32620,0,0.8982,0.9075,0.162631011,0,Nonbinders
23950-58-5,0,0,0,0,0,5.40354E-06,0.00241039,0,0.002241769,23950-58-5,23950-58-5,420,20420,0,0.8972,0.9055,0.157877733,0,Nonbinders
72490-01-8,-7.949481109,-7.335032935,-7.889366074,-7.724626706,0,0.179063087,0.125807996,1,1.4233045,72490-01-8,72490-01-8,12393,32393,0,0.875,0.8656,0.080355453,0,Nonbinders
7786-34-7,0,0,0,0,0,5.40354E-06,0.00241039,0,0.002241769,7786-34-7,7786-34-7,196480,32683,0,0.9324,0.9269,0.023859959,0,Nonbinders
122-51-0,-2.954781723,0,-2.764037744,-1.906273156,0,0.00136063,0.055626505,0,0.024460101,122-51-0,122-51-0,21957,41957,0,0.951,0.9296,0.00311536,0,Nonbinders
501027-49-2,0,0,0,0,0,5.40354E-06,0.00241039,0,0.002241769,501027-49-2,501027-49-2,27307,47307,0,0.8961,0.8962,0.100803869,0,Nonbinders
128-37-0,0,-8.085523982,-8.455777019,-5.513767,0,0.200080351,0.092384795,1,2.165728142,128-37-0,128-37-0,216,20216,0,0.9026,0.9132,0.168126945,0,Nonbinders
92-87-5,-8.434000742,-8.857017367,-8.353591816,-8.548203308,0,0.197354037,0.098252653,1,2.008638247,92-87-5,92-87-5,137,20137,0,0.9317,0.9309,0.034071644,0,Nonbinders
30560-19-1,-3.555131439,-3.796718601,-4.303013241,-3.884954427,0,0.012261258,0.140720281,0,0.087132134,30560-19-1,30560-19-1,3846,23846,0,0.9407,0.9274,0.003813278,0,Nonbinders
105512-06-9,0,0,0,0,0,5.40354E-06,0.00241039,0,0.002241769,105512-06-9,105512-06-9,12354,32354,0,0.8795,0.8888,0.259741514,0,Nonbinders
1563-66-2,-7.663815418,-7.855399306,-7.438433509,-7.652549411,0,0.154228881,0.15199083,1,1.014724907,1563-66-2,1563-66-2,249,20249,0,0.8849,0.8952,0.147593579,0,Nonbinders
NOCAS_48172,0,0,0,0,0,5.40354E-06,0.00241039,0,0.002241769,,NOCAS_48172,28146,48172,0,0.9169,0.9303,0.123928472,0,Nonbinders
85-68-7,0,0,0,0,0,5.40354E-06,0.00241039,0,0.002241769,85-68-7,85-68-7,205,20205,0,0.8768,0.8547,0.044607128,0,Nonbinders
124-09-4,-3.587582773,0,-3.790410234,-2.459331002,0,0.006322178,0.110249899,0,0.057344073,124-09-4,124-09-4,4922,24922,0,0.9781,0.9631,0.001317621,0,Nonbinders
132-64-9,-8.122393364,-8.323561861,-7.77247148,-8.072808902,0,0.173161162,0.132767565,1,1.304242963,132-64-9,132-64-9,1993,21993,0,0.9223,0.9251,0.039173998,0,Nonbinders
115-95-7,-5.406784509,-5.764887815,-5.809936328,-5.660536217,0,0.05736149,0.197850415,0,0.289923526,115-95-7,115-95-7,6946,26946,0,0.9379,0.9196,0.002205507,0,Nonbinders
88-74-4,-5.26087003,-5.272361005,-5.005462049,-5.179564361,0,0.027133033,0.176892923,0,0.153386765,88-74-4,88-74-4,5726,25726,0,0.9132,0.9094,0.013323034,0,Nonbinders
6893-02-3,-10.29252561,0,0,-3.430841871,0,5.40354E-06,0.00241039,0,0.002241769,6893-02-3,6893-02-3,3216,23216,0,0.894,0.8974,0.129999991,0,Nonbinders
107-92-6,-3.393388086,-3.651545546,-4.271909153,-3.772280928,0,0.011801679,0.138909202,0,0.084959664,107-92-6,107-92-6,1515,21515,0,0.9211,0.8857,0.001639384,0,Nonbinders
21725-46-2,-5.667489395,-5.301744762,-5.801281777,-5.590171978,0,0.056953463,0.197780753,0,0.287962616,21725-46-2,21725-46-2,3990,23990,0,0.9292,0.9325,0.01219751,0,Nonbinders
60-54-8,0,0,0,0,0,5.40354E-06,0.00241039,0,0.002241769,60-54-8,60-54-8,3645,23645,0,0.8925,0.9164,0.382019818,0,Nonbinders
1929-82-4,-7.140896599,-6.792163604,-5.737121261,-6.556727155,0,0.053984193,0.197151062,0,0.273821467,1929-82-4,1929-82-4,4216,24216,0,0.9135,0.9273,0.039127344,0,Nonbinders
2432-87-3,0,0,0,0,0,5.40354E-06,0.00241039,0,0.002241769,2432-87-3,2432-87-3,27537,47537,0,0.9218,0.8822,0.003473124,0,Nonbinders
22781-23-3,-7.384568245,-7.46835184,-7.014063582,-7.288994556,0,0.127559639,0.173430313,0,0.735509481,22781-23-3,22781-23-3,12327,32327,0,0.8903,0.8931,0.062163761,0,Nonbinders
112410-23-8,0,0,0,0,0,5.40354E-06,0.00241039,0,0.002241769,112410-23-8,112410-23-8,14948,34948,0,0.8937,0.8918,0.09566741,0,Nonbinders
161326-34-7,-7.983165915,0,0,-2.661055305,0,5.40354E-06,0.00241039,0,0.002241769,161326-34-7,161326-34-7,14590,34590,0,0.8972,0.9105,0.207618505,0,Nonbinders
87820-88-0,0,0,0,0,0,5.40354E-06,0.00241039,0,0.002241769,87820-88-0,87820-88-0,14973,34973,0,0.8838,0.8978,0.29553721,0,Nonbinders
124-68-5,0,-3.6428857,-3.76542372,-2.469436473,0,0.006110398,0.108765304,0,0.056179664,124-68-5,124-68-5,7032,27032,0,0.9474,0.9315,0.003307387,0,Nonbinders
77-89-4,0,0,-5.549320724,-1.849773575,0,0.045864055,0.19417896,0,0.236194773,77-89-4,77-89-4,24576,44576,0,0.9265,0.911,0.003755524,0,Nonbinders
4344-55-2,-5.228176695,-5.588494993,-5.066703726,-5.294458471,0,0.028898471,0.17941496,0,0.161070577,4344-55-2,4344-55-2,28174,48199,0,0.8945,0.8825,0.013698624,0,Nonbinders
489-01-0,0,-7.325395132,-7.783809058,-5.036401397,0,0.173752588,0.132095593,1,1.315354918,489-01-0,489-01-0,21379,41379,0,0.8975,0.9073,0.125800572,0,Nonbinders
NOCAS_47299,0,0,0,0,0,5.40354E-06,0.00241039,0,0.002241769,,NOCAS_47299,27299,47299,0,0.8902,0.9075,0.29940675,0,Nonbinders
2440-22-4,-9.219398117,-8.32021967,-8.282463892,-8.60736056,0,0.195158419,0.102399356,1,1.905855913,2440-22-4,2440-22-4,7479,27479,0,0.8927,0.8935,0.114183059,0,Nonbinders
23103-98-2,0,-3.391179418,-5.20305588,-2.864745099,0,0.033133943,0.184543718,0,0.179545221,23103-98-2,23103-98-2,12569,32569,0,0.927,0.9186,0.006119733,0,Nonbinders
159138-81-5,-8.644510995,-7.548532509,-7.865174368,-8.019405957,0,0.177878369,0.127253027,1,1.397832119,159138-81-5,159138-81-5,27344,47344,0,0.9072,0.9012,0.037491075,0,Nonbinders
NOCAS_47364,0,0,0,0,0,5.40354E-06,0.00241039,0,0.002241769,,NOCAS_47364,27364,47364,0,0.893,0.913,0.319099285,0,Nonbinders
98-56-6,-7.539888728,-8.414698403,-7.391252134,-7.781946422,0,0.151364994,0.15457717,0,0.979219594,98-56-6,98-56-6,4821,24821,0,0.9003,0.9281,0.249302335,0,Nonbinders
864283-48-7,-10.29719383,-10.34566393,-9.998390272,-10.21374934,1,0.175695738,0.026637627,1,6.59577276,864283-48-7,864283-48-7,27312,47312,1,0.9018,0.9146,0.284616538,0,Binders
140-66-9,-8.270096069,-8.079884336,-8.875630653,-8.40853702,1,0.205608082,0.069813023,1,2.945125022,140-66-9,140-66-9,2360,22360,1,0.8793,0.898,0.475387131,0,Binders
221246-12-4,0,0,0,0,1,5.40354E-06,0.00241039,0,0.002241769,221246-12-4,221246-12-4,27249,47249,1,0.8894,0.9068,0.306161662,0,Binders
56-38-2,-5.216273612,-5.140787565,-4.888637178,-5.081899451,1,0.023992447,0.171737066,0,0.139704535,56-38-2,56-38-2,1100,21100,1,0.8798,0.8843,0.065270691,0,Binders
725228-45-5,0,0,0,0,1,5.40354E-06,0.00241039,0,0.002241769,725228-45-5,725228-45-5,27371,47371,1,0.8994,0.9176,0.253343904,0,Binders
115-32-2,-10.55788369,-8.708394313,-8.890160899,-9.385479635,1,0.205629598,0.069085462,1,2.976452513,115-32-2,115-32-2,450,20450,1,0.8993,0.9259,0.451253652,0,Binders
81741-28-8,0,0,0,0,1,5.40354E-06,0.00241039,0,0.002241769,81741-28-8,81741-28-8,14997,34997,1,0.9465,0.9301,0.007486326,0,Binders
50471-44-8,0,-8.400518012,-7.386411491,-5.262309834,1,0.15106914,0.154840171,0,0.975645656,50471-44-8,50471-44-8,2361,22361,1,0.8865,0.9177,0.391355528,0,Binders
5137-55-3,0,0,0,0,1,5.40354E-06,0.00241039,0,0.002241769,5137-55-3,5137-55-3,24487,44487,1,0.9407,0.9292,0.012423745,0,Binders
80-05-7,-9.503139609,-9.62976603,-9.980285126,-9.704396922,1,0.176610367,0.027121774,1,6.511755643,80-05-7,80-05-7,182,20182,1,0.8782,0.9026,0.645708331,1,Binders
57-91-0,-10.69580382,-10.86022483,-10.93078776,-10.8289388,1,0.119536113,0.009440772,1,12.66168886,57-91-0,57-91-0,2377,22377,1,0.861,0.9286,0.982026036,1,Binders
10453-86-8,0,0,0,0,1,5.40354E-06,0.00241039,0,0.002241769,10453-86-8,10453-86-8,2253,22253,1,0.8845,0.893,0.221142416,0,Binders
17372-87-1,0,0,0,0,1,5.40354E-06,0.00241039,0,0.002241769,17372-87-1,17372-87-1,5234,25234,1,0.8932,0.91,0.27319174,0,Binders
122-14-5,-6.05188518,-6.213736283,-5.522775318,-5.929465594,1,0.044785506,0.193626091,0,0.231298921,122-14-5,122-14-5,12613,32613,1,0.8915,0.9074,0.08541086,0,Binders
196808-45-4,0,0,0,0,1,5.40354E-06,0.00241039,0,0.002241769,196808-45-4,196808-45-4,27310,47310,1,0.8877,0.8962,0.204202087,0,Binders
3380-34-5,-9.788224111,-9.440627761,-9.72605194,-9.651634604,1,0.188228665,0.034629114,1,5.435561091,3380-34-5,3380-34-5,12498,32498,1,0.8881,0.9152,0.608385257,1,Binders
131-55-5,-9.748783141,-9.394411874,-10.45851432,-9.867236446,1,0.149540095,0.016400843,1,9.117829697,131-55-5,131-55-5,21306,41306,1,0.8703,0.8883,0.604705995,1,Binders
32809-16-8,-7.932508957,-7.570827956,-7.249078804,-7.584138572,1,0.142541999,0.16209888,0,0.879352156,32809-16-8,32809-16-8,13923,33923,1,0.8818,0.9139,0.418715648,0,Binders
97-77-8,-7.206573523,-7.499112059,0,-4.901895194,1,5.40354E-06,0.00241039,0,0.002241769,97-77-8,97-77-8,1322,21322,1,0.9457,0.9379,0.013572211,0,Binders
2353-45-9,0,0,0,0,1,5.40354E-06,0.00241039,0,0.002241769,2353-45-9,2353-45-9,673,20673,1,0.8855,0.9039,0.348005326,0,Binders
NOCAS_47389,0,0,0,0,1,5.40354E-06,0.00241039,0,0.002241769,,NOCAS_47389,27389,47389,1,0.8821,0.8975,0.327142639,0,Binders
5315-79-7,-10.2732391,-10.37499223,-10.45625397,-10.36816177,1,0.149679132,0.016442071,1,9.103423392,5315-79-7,5315-79-7,18298,38298,1,0.9035,0.9195,0.318910703,0,Binders
1192-52-5,-5.425348536,-5.611227195,-5.174715941,-5.40376389,1,0.032218415,0.183535322,0,0.175543405,1192-52-5,1192-52-5,12518,32518,1,0.9339,0.9476,0.021377713,0,Binders
474-86-2,-9.946912312,-10.63407131,-10.85822116,-10.47973492,1,0.124198623,0.01031387,1,12.04190278,474-86-2,474-86-2,27433,47433,1,0.8662,0.9182,0.942659142,1,Binders
68-96-2,0,-9.471553615,-10.92178852,-6.79778071,1,0.120113811,0.009545575,1,12.58319228,68-96-2,68-96-2,20747,40747,1,0.8548,0.9171,0.979019491,1,Binders
57-09-0,0,0,0,0,1,5.40354E-06,0.00241039,0,0.002241769,57-09-0,57-09-0,17028,37028,1,0.9373,0.9282,0.016183966,0,Binders
53-16-7,-9.792771579,-10.41460177,-10.89507175,-10.3674817,1,0.121829927,0.009862455,1,12.35290124,53-16-7,53-16-7,2367,22367,1,0.8526,0.9166,0.982524409,1,Binders
55285-14-8,0,0,0,0,1,5.40354E-06,0.00241039,0,0.002241769,55285-14-8,55285-14-8,3950,23950,1,0.8789,0.8877,0.256963477,0,Binders
6344-67-8,-9.311313487,-9.531488232,-9.115856667,-9.319552796,1,0.20448588,0.058317872,1,3.506401585,6344-67-8,6344-67-8,27540,47540,1,0.8859,0.9129,0.585987223,1,Binders
DB02998,-10.37643147,-6.233506009,-11.34914929,-9.31969559,1,0.093292094,0.005527169,1,16.87882092,,DB02998,,,1,0.8853,0.9331,0.864520815,1,Binders
125116-23-6,0,0,0,0,1,5.40354E-06,0.00241039,0,0.002241769,125116-23-6,125116-23-6,14497,34497,1,0.8681,0.9167,0.874846136,1,Binders
22260-51-1,0,0,0,0,1,5.40354E-06,0.00241039,0,0.002241769,22260-51-1,22260-51-1,197,20197,1,0.9046,0.9263,0.266785215,0,Binders
112281-77-3,-8.617200422,-9.747331998,-8.42035132,-8.92829458,1,0.199193526,0.094405911,1,2.109968798,112281-77-3,112281-77-3,14956,34956,1,0.8954,0.9258,0.483322784,0,Binders
139340-56-0,0,0,0,0,1,5.40354E-06,0.00241039,0,0.002241769,139340-56-0,139340-56-0,27246,47246,1,0.9044,0.9225,0.223445595,0,Binders
156052-68-5,0,-8.677155937,-7.654249122,-5.443801686,1,0.166773039,0.139716391,1,1.193654073,156052-68-5,156052-68-5,12581,32581,1,0.8885,0.8947,0.120494931,0,Binders
DB01185,0,0,0,0,1,5.40354E-06,0.00241039,0,0.002241769,,DB01185,,,1,0.8715,0.9297,0.922707162,1,Binders
6317-18-6,-1.793784626,0,-2.007830084,-1.267204903,1,0.00036681,0.028440395,0,0.012897501,6317-18-6,6317-18-6,5599,25599,1,0.9723,0.9738,0.009085419,0,Binders
DB01564,0,0,0,0,1,5.40354E-06,0.00241039,0,0.002241769,,DB01564,,,1,0.8682,0.9282,0.93729767,1,Binders
67485-29-4,0,0,0,0,1,5.40354E-06,0.00241039,0,0.002241769,67485-29-4,67485-29-4,3868,23868,1,0.8999,0.9268,0.374213505,0,Binders
NOCAS_47377,-1.233447426,0,0,-0.411149142,1,5.40354E-06,0.00241039,0,0.002241769,,NOCAS_47377,27377,47377,1,0.8925,0.9121,0.316721296,0,Binders
1401-55-4,0,0,0,0,1,5.40354E-06,0.00241039,0,0.002241769,1401-55-4,1401-55-4,6076,26076,1,0.9032,0.9134,0.149736387,0,Binders
63-05-8,-9.417615331,-1.82941524,-10.6904578,-7.312496122,1,0.134960947,0.012591068,1,10.71878461,63-05-8,63-05-8,4523,24523,1,0.8668,0.9308,0.973408254,1,Binders
NOCAS_47353,0,0,0,0,1,5.40354E-06,0.00241039,0,0.002241769,,NOCAS_47353,27353,47353,1,0.8886,0.9127,0.414780148,0,Binders
NOCAS_47328,0,0,0,0,1,5.40354E-06,0.00241039,0,0.002241769,,NOCAS_47328,27328,47328,1,0.9013,0.9108,0.151428434,0,Binders
NOCAS_47379,0,0,0,0,1,5.40354E-06,0.00241039,0,0.002241769,,NOCAS_47379,27379,47379,1,0.8832,0.9106,0.511873619,1,Binders
289716-94-5,-10.80381628,-10.18531636,-10.48600941,-10.49171402,1,0.147843074,0.015905936,1,9.294836278,289716-94-5,289716-94-5,27280,47280,1,0.8903,0.9094,0.466258321,0,Binders
129299-90-7,-10.35845164,-9.783526385,-8.963984006,-9.701987343,1,0.205560749,0.0654516,1,3.14065277,129299-90-7,129299-90-7,28142,48168,1,0.8924,0.9137,0.425572819,0,Binders
133-06-2,-8.239536603,-7.083504368,-7.428287322,-7.583776098,1,0.153616142,0.15255043,1,1.006985965,133-06-2,133-06-2,243,20243,1,0.9132,0.9361,0.140361655,0,Binders
35691-65-7,-6.137826754,-6.130880026,-5.927993351,-6.06556671,1,0.063102772,0.198435407,0,0.318001575,35691-65-7,35691-65-7,4944,24944,1,0.964,0.9732,0.006173484,0,Binders
510-15-6,-10.71268897,-10.07797779,-9.655258643,-10.1486418,1,0.19101303,0.036962007,1,5.167820836,510-15-6,510-15-6,299,20299,1,0.8521,0.8621,0.604196618,1,Binders
DB00984,0,0,0,0,1,5.40354E-06,0.00241039,0,0.002241769,,DB00984,,,1,0.8584,0.8992,0.849294363,1,Binders
19774-82-4,0,0,0,0,1,5.40354E-06,0.00241039,0,0.002241769,19774-82-4,19774-82-4,17185,37185,1,0.887,0.8913,0.165301972,0,Binders
206-44-0,-9.642713093,-9.893717717,-9.122275927,-9.552902246,1,0.204412976,0.058026807,1,3.522733474,206-44-0,206-44-0,4104,24104,1,0.9085,0.9221,0.220589289,0,Binders
612-82-8|119-93-7,0,-9.591722789,-9.22852388,-6.273415556,1,0.202887166,0.053335832,1,3.803956148,612-82-8,612-82-8|119-93-7,511|4059,20511|24059,1,0.9065,0.9127,0.1600685,0,Binders
2321-07-5,0,0,0,0,1,5.40354E-06,0.00241039,0,0.002241769,2321-07-5,2321-07-5,18887,38887,1,0.8862,0.9168,0.541619513,1,Binders
DB01395,0,0,0,0,1,5.40354E-06,0.00241039,0,0.002241769,,DB01395,,,1,0.8818,0.9265,0.777311404,1,Binders
3691-35-8,0,0,0,0,1,5.40354E-06,0.00241039,0,0.002241769,3691-35-8,3691-35-8,12348,32348,1,0.8796,0.8982,0.394648204,0,Binders
107534-96-3,0,-8.539452923,-9.576458552,-6.038637158,1,0.193856949,0.039686106,1,4.88475605,107534-96-3,107534-96-3,12113,32113,1,0.8842,0.9134,0.663419962,1,Binders
676116-04-4,0,0,0,0,1,5.40354E-06,0.00241039,0,0.002241769,676116-04-4,676116-04-4,27271,47271,1,0.8856,0.9164,0.549643971,1,Binders
88-24-4,0,0,0,0,1,5.40354E-06,0.00241039,0,0.002241769,88-24-4,88-24-4,18864,38864,1,0.8947,0.9092,0.235065847,0,Binders
24169-02-6,0,0,0,0,1,5.40354E-06,0.00241039,0,0.002241769,24169-02-6,24169-02-6,5226,25226,1,0.9008,0.9259,0.340029209,0,Binders
DB08899,0,0,0,0,1,5.40354E-06,0.00241039,0,0.002241769,,DB08899,,,1,0.8926,0.9164,0.379695208,0,Binders
5153-25-3,-8.349228946,-7.67841255,-8.144393072,-8.057344856,1,0.190234462,0.110559056,1,1.720659253,5153-25-3,5153-25-3,2525,22525,1,0.8705,0.8626,0.117200249,0,Binders
136-77-6,-7.856303579,-7.896609235,-8.159168417,-7.970693744,1,0.190801569,0.109680399,1,1.739614109,136-77-6,136-77-6,699,20699,1,0.8695,0.8823,0.356217096,0,Binders
NOCAS_47334,-11.4541753,-1.666684127,0,-4.373619809,1,5.40354E-06,0.00241039,0,0.002241769,,NOCAS_47334,27334,47334,1,0.9141,0.9284,0.141010347,0,Binders
20325-40-0|119-90-4,-9.401150284,-9.491505328,-8.351532863,-9.081396158,1,0.197293862,0.098372027,1,2.005589078,20325-40-0,20325-40-0|119-90-4,485|5091,20485|25091,1,0.888,0.8935,0.176259541,0,Binders
1836-75-5,-7.911370871,-7.805911706,-6.817374023,-7.5115522,1,0.114934322,0.181602013,0,0.632891236,1836-75-5,1836-75-5,970,20970,1,0.8873,0.912,0.218988896,0,Binders
131983-72-7,-9.259969578,-9.754071466,0,-6.338013682,1,5.40354E-06,0.00241039,0,0.002241769,131983-72-7,131983-72-7,12655,32655,1,0.8778,0.9208,0.779501609,1,Binders
10161-33-8,-10.59826425,-10.64605357,-11.58355929,-10.9426257,1,0.079560425,0.004017953,1,19.80123219,10161-33-8,10161-33-8,14192,34192,1,0.8867,0.9322,0.835202432,1,Binders
2467-02-9,-9.47171983,-9.492043419,-8.807601878,-9.257121709,1,0.205354094,0.073271664,1,2.802639942,2467-02-9,2467-02-9,2446,22446,1,0.894,0.9006,0.196954871,0,Binders
56-53-1,0,-9.48150845,-10.49750618,-6.659671544,1,0.147130443,0.015702579,1,9.36982648,56-53-1,56-53-1,465,20465,1,0.8669,0.8809,0.565346746,1,Binders
DB00621,0,0,-10.62209856,-3.540699522,1,0.139310263,0.013630097,1,10.22078291,,DB00621,,,1,0.8858,0.9322,0.861324627,1,Binders
50-22-6,0,0,-10.43374475,-3.477914917,1,0.151059585,0.016857162,1,8.96115185,50-22-6,50-22-6,2474,22474,1,0.8666,0.9189,0.944784287,1,Binders
1062243-51-9,-2.473344032,0,0,-0.824448011,1,5.40354E-06,0.00241039,0,0.002241769,1062243-51-9,1062243-51-9,28485,48511,1,0.8971,0.9193,0.322938883,0,Binders
15299-99-7,-8.104394969,-9.744666157,-8.557281731,-8.802114286,1,0.202269444,0.086680927,1,2.333494243,15299-99-7,15299-99-7,4211,24211,1,0.881,0.8762,0.131450254,0,Binders
444610-91-7,0,0,0,0,1,5.40354E-06,0.00241039,0,0.002241769,444610-91-7,444610-91-7,27315,47315,1,0.8913,0.9097,0.307620205,0,Binders
DB04839,0,0,0,0,1,5.40354E-06,0.00241039,0,0.002241769,,DB04839,,,1,0.8831,0.9147,0.582213772,1,Binders
221671-62-1,0,0,0,0,1,5.40354E-06,0.00241039,0,0.002241769,221671-62-1,221671-62-1,27369,47369,1,0.8973,0.9153,0.263505839,0,Binders
180084-01-9,0,0,0,0,1,5.40354E-06,0.00241039,0,0.002241769,180084-01-9,180084-01-9,27320,47320,1,0.8944,0.9202,0.397984665,0,Binders
50-14-6,0,0,0,0,1,5.40354E-06,0.00241039,0,0.002241769,50-14-6,50-14-6,233,20233,1,0.9197,0.9488,0.270290845,0,Binders
135158-54-2,-6.929146733,-7.084363448,-6.441042279,-6.818184153,1,0.091496324,0.193102706,0,0.473822067,135158-54-2,135158-54-2,12519,32519,1,0.8994,0.8999,0.030355178,0,Binders
119-47-1,-9.577489,0,0,-3.192496333,1,5.40354E-06,0.00241039,0,0.002241769,119-47-1,119-47-1,870,20870,1,0.8971,0.9112,0.217105326,0,Binders
120-32-1,-9.101242309,-9.01918641,-9.260934465,-9.127121061,1,0.202303176,0.051952912,1,3.893971838,120-32-1,120-32-1,154,20154,1,0.8773,0.9007,0.605349394,1,Binders
97-00-7,-5.115369109,-4.550724693,-4.797986987,-4.821360263,1,0.021753805,0.167449939,0,0.129912291,97-00-7,97-00-7,278,20278,1,0.8941,0.9088,0.082878582,0,Binders
29091-21-2,-6.887501889,0,-8.222244929,-5.036582273,1,0.193115618,0.105942833,1,1.822828521,29091-21-2,29091-21-2,14210,34210,1,0.9044,0.9136,0.130653153,0,Binders
129453-61-8,0,0,0,0,1,5.40354E-06,0.00241039,0,0.002241769,129453-61-8,129453-61-8,2369,22369,1,0.8784,0.9241,0.806052149,1,Binders
83657-24-3,0,-9.064604353,-8.374596998,-5.813067117,1,0.197956248,0.097037252,1,2.04000262,83657-24-3,83657-24-3,20363,40363,1,0.8865,0.9136,0.49149431,0,Binders
72-33-3,0,0,0,0,1,5.40354E-06,0.00241039,0,0.002241769,72-33-3,72-33-3,814,20814,1,0.8667,0.9216,0.91763109,1,Binders
56-95-1,0,0,0,0,1,5.40354E-06,0.00241039,0,0.002241769,56-95-1,56-95-1,12345,32345,1,0.9088,0.9221,0.153651925,0,Binders
58-18-4,-10.18611432,0,-10.20360861,-6.796574312,1,0.164648343,0.021595591,1,7.624164715,58-18-4,58-18-4,13664,33664,1,0.8565,0.9259,0.986718291,1,Binders
82640-04-8,0,0,0,0,1,5.40354E-06,0.00241039,0,0.002241769,82640-04-8,82640-04-8,14181,34181,1,0.8743,0.9052,0.637224765,1,Binders
604-75-1,0,-10.01097067,-9.738353844,-6.583108171,1,0.18772348,0.034234676,1,5.483430872,604-75-1,604-75-1,1087,21087,1,0.8858,0.9151,0.659792194,1,Binders
460081-99-6,-7.189649727,0,0,-2.396549909,1,5.40354E-06,0.00241039,0,0.002241769,460081-99-6,460081-99-6,28484,48510,1,0.8963,0.9028,0.146021414,0,Binders
DB00858,-9.547145785,0,-10.26921047,-6.605452086,1,0.160885319,0.020150167,1,7.984316988,,DB00858,,,1,0.8876,0.9355,0.868176132,1,Binders
630-56-8,0,0,0,0,1,5.40354E-06,0.00241039,0,0.002241769,630-56-8,630-56-8,23915,43915,1,0.8589,0.9031,0.874451198,1,Binders
92-04-6,-9.138862114,-9.459213192,-8.791963908,-9.130013071,1,0.205260071,0.074078636,1,2.77084033,92-04-6,92-04-6,2353,22353,1,0.8772,0.9047,0.626610343,1,Binders
35554-44-0,-7.142207415,-7.995103815,-7.16728872,-7.43486665,1,0.137366568,0.166213485,0,0.826446592,35554-44-0,35554-44-0,4151,24151,1,0.9053,0.9263,0.133558712,0,Binders
2772-45-4,-11.54003557,0,0,-3.846678522,1,5.40354E-06,0.00241039,0,0.002241769,2772-45-4,2772-45-4,9241,29241,1,0.8841,0.9012,0.338367855,0,Binders
68-22-4,-10.115856,0,-9.850661642,-6.655505882,1,0.182833491,0.030781823,1,5.939657712,68-22-4,68-22-4,3380,23380,1,0.8657,0.9225,0.959043926,1,Binders
145742-28-5,0,0,0,0,1,5.40354E-06,0.00241039,0,0.002241769,145742-28-5,145742-28-5,27251,47251,1,0.8831,0.9082,0.474191723,0,Binders
85509-19-9,0,0,0,0,1,5.40354E-06,0.00241039,0,0.002241769,85509-19-9,85509-19-9,4235,24235,1,0.9097,0.9236,0.155180289,0,Binders
588941-45-1,0,0,0,0,1,5.40354E-06,0.00241039,0,0.002241769,588941-45-1,588941-45-1,28480,48506,1,0.8895,0.9059,0.291472877,0,Binders
156-10-5,-8.548790126,-7.629850798,-7.71683136,-7.965157428,1,0.170203454,0.136052441,1,1.251013604,156-10-5,156-10-5,1031,21031,1,0.9157,0.916,0.039233036,0,Binders
57-85-2,0,0,-10.3243393,-3.441446433,1,0.157650171,0.018994927,1,8.299593415,57-85-2,57-85-2,16515,36515,1,0.853,0.9094,0.972014986,1,Binders
59227-89-3,0,0,0,0,1,5.40354E-06,0.00241039,0,0.002241769,59227-89-3,59227-89-3,22086,42086,1,0.8947,0.8978,0.125298347,0,Binders
DB08804,0,0,0,0,1,5.40354E-06,0.00241039,0,0.002241769,,DB08804,,,1,0.8561,0.8937,0.830274798,1,Binders
90357-06-5,-11.83771005,0,-10.86312757,-7.566945875,1,0.123883188,0.010252794,1,12.08287121,90357-06-5,90357-06-5,820065,22678,1,0.8876,0.902,0.402485759,0,Binders
79622-59-6,0,0,0,0,1,5.40354E-06,0.00241039,0,0.002241769,79622-59-6,79622-59-6,12551,32551,1,0.9158,0.9385,0.214452857,0,Binders
4574-04-3,0,0,0,0,1,5.40354E-06,0.00241039,0,0.002241769,4574-04-3,4574-04-3,21289,41289,1,0.9373,0.9282,0.016183966,0,Binders
55-38-9,-7.020208546,-6.924075184,-7.077696101,-7.00732661,1,0.131644006,0.170516234,0,0.7720321,55-38-9,55-38-9,620,20620,1,0.9033,0.9177,0.090500629,0,Binders
97-56-3,-9.477814107,-4.285495712,-6.141272287,-6.634860702,1,0.074270103,0.1977595,0,0.375557702,97-56-3,97-56-3,69,20069,1,0.912,0.9146,0.021271278,0,Binders
78491-02-8,-5.918314452,-5.150282589,-6.132444602,-5.733680548,1,0.073788579,0.197831614,0,0.372986794,78491-02-8,78491-02-8,9559,29559,1,0.9038,0.9106,0.03588695,0,Binders
DB01481,-9.063961419,0,-9.398114922,-6.154025447,1,0.199233216,0.046352075,1,4.298258851,,DB01481,,,1,0.8752,0.9285,0.926603521,1,Binders
79983-71-4,0,-8.995588756,-8.832507711,-5.942698822,1,0.20547636,0.071995553,1,2.854014613,79983-71-4,79983-71-4,14653,34653,1,0.8753,0.9029,0.64654372,1,Binders
2465-27-2,-9.223893531,0,0,-3.074631177,1,5.40354E-06,0.00241039,0,0.002241769,2465-27-2,2465-27-2,114,20114,1,0.9126,0.917,0.08148707,0,Binders
2392-39-4,0,0,0,0,1,5.40354E-06,0.00241039,0,0.002241769,2392-39-4,2392-39-4,27429,47429,1,0.8797,0.9178,0.705702014,1,Binders
65277-42-1,0,0,0,0,1,5.40354E-06,0.00241039,0,0.002241769,65277-42-1,65277-42-1,9879,29879,1,0.8791,0.9097,0.59662747,1,Binders
577-11-7,0,0,0,0,1,5.40354E-06,0.00241039,0,0.002241769,577-11-7,577-11-7,2959,22959,1,0.9243,0.9039,0.011511819,0,Binders
72-54-8,-9.686578905,-9.337234072,-9.269004622,-9.4309392,1,0.202149252,0.051612094,1,3.916703181,72-54-8,72-54-8,373,20373,1,0.9115,0.9345,0.336667557,0,Binders
77-40-7,-10.0080193,-10.20464824,-10.07130841,-10.09465865,1,0.17190814,0.024753328,1,6.9448495,77-40-7,77-40-7,2442,22442,1,0.8734,0.8912,0.578168514,1,Binders
DB02901,-10.11672012,0,-11.16170544,-7.092808518,1,0.104851805,0.007063196,1,14.84481107,,DB02901,,,1,0.8776,0.9283,0.910193876,1,Binders
131-56-6,-9.792507201,-9.858417963,-9.232143295,-9.627689487,1,0.202824674,0.053180274,1,3.813908053,131-56-6,131-56-6,2406,22406,1,0.8662,0.882,0.564849167,1,Binders
60207-90-1,0,-9.052892021,-9.102726851,-6.051872957,1,0.2046281,0.058915894,1,3.473224019,60207-90-1,60207-90-1,4280,24280,1,0.8793,0.9173,0.783770324,1,Binders
83-79-4,0,0,0,0,1,5.40354E-06,0.00241039,0,0.002241769,83-79-4,83-79-4,1248,21248,1,0.8979,0.9224,0.351691876,0,Binders
DB01420,0,0,0,0,1,5.40354E-06,0.00241039,0,0.002241769,,DB01420,,,1,0.853,0.9074,0.943236997,1,Binders
53-43-0,-10.70280704,0,-10.50750338,-7.07010347,1,0.146509375,0.015527449,1,9.435508529,53-43-0,53-43-0,379,20379,1,0.8755,0.9259,0.918893897,1,Binders
72-55-9,-9.243420517,-9.563845697,-9.069470422,-9.292245545,1,0.204946762,0.060446661,1,3.390539009,72-55-9,72-55-9,374,20374,1,0.9047,0.926,0.343819972,0,Binders
599-64-4,-9.38070834,-9.649509575,-9.401391403,-9.477203106,1,0.199148288,0.046223326,1,4.308393742,599-64-4,599-64-4,2536,22536,1,0.8717,0.8927,0.618842675,1,Binders
15972-60-8,-7.161733674,0,0,-2.387244558,1,5.40354E-06,0.00241039,0,0.002241769,15972-60-8,15972-60-8,2265,22265,1,0.8768,0.8778,0.179812116,0,Binders
64359-81-5,-7.958135618,-7.764427692,0,-5.240854437,1,5.40354E-06,0.00241039,0,0.002241769,64359-81-5,64359-81-5,12315,32315,1,0.8917,0.8981,0.164193269,0,Binders
97-23-4,-10.92863236,0,-10.22636009,-7.051664149,1,0.163354573,0.021085464,1,7.747259963,97-23-4,97-23-4,1824,21824,1,0.8802,0.9085,0.691421013,1,Binders
DB06710,0,0,-12.00498179,-4.001660595,1,0.057601907,0.002188559,1,26.31955555,,DB06710,,,1,0.8585,0.9245,0.978790202,1,Binders
53-19-0,-9.612993658,-9.388513819,-9.276436595,-9.425981357,1,0.202004511,0.051299474,1,3.937750167,53-19-0,53-19-0,372,20372,1,0.9055,0.9271,0.358969425,0,Binders
112-00-5,0,0,0,0,1,5.40354E-06,0.00241039,0,0.002241769,112-00-5,112-00-5,6900,26900,1,0.9373,0.9282,0.016183966,0,Binders
18924-66-8,0,0,0,0,1,5.40354E-06,0.00241039,0,0.002241769,18924-66-8,18924-66-8,24865,44865,1,0.934,0.9177,0.011150026,0,Binders
57-83-0,0,0,-10.83333813,-3.611112711,1,0.125798382,0.010628293,1,11.83617927,57-83-0,57-83-0,2370,22370,1,0.8648,0.9242,0.965842449,1,Binders
143-50-0,0,0,-8.047856726,-2.682618909,1,0.186304313,0.116320883,1,1.601641149,143-50-0,143-50-0,770,20770,1,0.9369,0.9534,0.072356109,0,Binders
61-73-4,0,0,0,0,1,5.40354E-06,0.00241039,0,0.002241769,61-73-4,61-73-4,3296,23296,1,0.9078,0.9183,0.134460888,0,Binders
63612-50-0,-9.759444365,-9.05604484,-7.205820511,-8.673769905,1,0.139811864,0.164296106,0,0.850974909,63612-50-0,63612-50-0,14165,34165,1,0.894,0.9222,0.268064244,0,Binders
68392-35-8,0,0,0,0,1,5.40354E-06,0.00241039,0,0.002241769,68392-35-8,68392-35-8,28161,37094,1,0.8721,0.8862,0.379450237,0,Binders
81777-89-1,-8.707319552,-7.022325353,-8.088348657,-7.939331188,1,0.187999491,0.113900397,1,1.650560457,81777-89-1,81777-89-1,12355,32355,1,0.8664,0.8942,0.613718864,1,Binders
50-27-1,-12.08682454,-11.4167089,-13.79083039,-12.43145461,1,0.00868218,0.000102376,1,84.80690617,50-27-1,50-27-1,2366,22366,1,0.8676,0.9291,0.95757501,1,Binders
115-39-9,0,0,0,0,1,5.40354E-06,0.00241039,0,0.002241769,115-39-9,115-39-9,21682,41682,1,0.8997,0.9189,0.264367032,0,Binders
686756-87-6,0,0,0,0,1,5.40354E-06,0.00241039,0,0.002241769,686756-87-6,686756-87-6,28493,48519,1,0.8942,0.9153,0.326904002,0,Binders
2971-36-0,-9.835786392,-9.848064553,-10.87169793,-10.18518296,1,0.123332225,0.010146829,1,12.15475534,2971-36-0,2971-36-0,2325,22325,1,0.8954,0.9206,0.5200764,1,Binders
50-28-2,-10.56074377,-10.89029224,-11.97908663,-11.14337421,1,0.058836438,0.002274686,1,25.86574449,50-28-2,50-28-2,573,20573,1,0.861,0.9286,0.979429958,1,Binders
124-94-7,0,0,0,0,1,5.40354E-06,0.00241039,0,0.002241769,124-94-7,124-94-7,20742,40742,1,0.8754,0.9163,0.768181984,1,Binders
NOCAS_48505,0,0,0,0,1,5.40354E-06,0.00241039,0,0.002241769,,NOCAS_48505,28479,48505,1,0.8956,0.9132,0.268776886,0,Binders
57-97-6,-10.52851722,-10.44561457,-9.799630219,-10.25792067,1,0.185116342,0.032317846,1,5.727991427,57-97-6,57-97-6,510,20510,1,0.9085,0.9154,0.175497687,0,Binders
27955-94-8,0,0,0,0,1,5.40354E-06,0.00241039,0,0.002241769,27955-94-8,27955-94-8,17712,37712,1,0.879,0.9027,0.483161743,0,Binders
DB00624,0,0,-9.292390025,-3.097463342,1,0.201684166,0.050632448,1,3.983298737,,DB00624,,,1,0.8583,0.9264,0.982557179,1,Binders
NOCAS_47311,0,0,0,0,1,5.40354E-06,0.00241039,0,0.002241769,,NOCAS_47311,27311,47311,1,0.8854,0.9117,0.47608598,0,Binders
6088-51-3,-11.76465037,-9.885949186,0,-7.216866519,1,5.40354E-06,0.00241039,0,0.002241769,6088-51-3,6088-51-3,5429,25429,1,0.9048,0.9278,0.282867485,0,Binders
3844-45-9,0,0,0,0,1,5.40354E-06,0.00241039,0,0.002241769,3844-45-9,3844-45-9,189,20189,1,0.8862,0.9007,0.286779953,0,Binders
86-50-0,-6.088182158,-6.81952946,-6.43414532,-6.447285646,1,0.091082711,0.193256911,0,0.47130377,86-50-0,86-50-0,122,20122,1,0.8928,0.9021,0.064830389,0,Binders
298-00-0,-4.789693155,-4.70685682,-4.830096349,-4.775548775,1,0.022527428,0.168995419,0,0.133302005,298-00-0,298-00-0,855,20855,1,0.8933,0.9068,0.078070989,0,Binders
92-69-3,-8.724469709,-9.02028827,-8.354389199,-8.699715726,1,0.197377287,0.098206434,1,2.00982032,92-69-3,92-69-3,1152,21152,1,0.8879,0.9053,0.322954855,0,Binders
484-17-3,-9.682636676,-9.208241178,-9.162878095,-9.351251983,1,0.203900733,0.056205879,1,3.627747442,484-17-3,484-17-3,27592,47592,1,0.8979,0.913,0.307462222,0,Binders
68694-11-1,0,-8.95058291,-9.44547392,-6.132018943,1,0.197954251,0.044513981,1,4.447013,68694-11-1,68694-11-1,12500,32500,1,0.8851,0.9063,0.521332113,1,Binders
77-09-8,0,0,0,0,1,5.40354E-06,0.00241039,0,0.002241769,77-09-8,77-09-8,1125,21125,1,0.8883,0.915,0.459917922,0,Binders
5116-94-9,0,0,0,0,1,5.40354E-06,0.00241039,0,0.002241769,5116-94-9,5116-94-9,22169,42169,1,0.9157,0.8897,0.010397628,0,Binders
84-16-2,-10.31851886,-9.354712888,-10.85906701,-10.17743292,1,0.124144243,0.010303319,1,12.04895606,84-16-2,84-16-2,2381,22381,1,0.8695,0.8822,0.515990274,1,Binders
427-51-0,0,0,0,0,1,5.40354E-06,0.00241039,0,0.002241769,427-51-0,427-51-0,366,20366,1,0.8813,0.9174,0.665986475,1,Binders
112-63-0,0,0,-7.090250104,-2.363416701,1,0.132448292,0.169927011,0,0.779442248,112-63-0,112-63-0,843,20843,1,0.921,0.8953,0.003895558,0,Binders
2634-33-5,-6.674115369,-6.895560705,-6.363204134,-6.644293403,1,0.086871612,0.194717085,0,0.44614273,2634-33-5,2634-33-5,12523,32523,1,0.9076,0.9183,0.04426796,0,Binders
330-55-2,-7.56957231,-7.28268423,-6.682143396,-7.178133312,1,0.106350561,0.186404251,0,0.570537206,330-55-2,330-55-2,4163,24163,1,0.8792,0.8889,0.109675266,0,Binders
116255-48-2,-8.843124992,-8.676866995,-8.838425153,-8.786139047,1,0.205500441,0.071694022,1,2.866353917,116255-48-2,116255-48-2,12531,32531,1,0.8903,0.9339,0.769140812,1,Binders
521-18-6,-10.23432601,0,-12.38242343,-7.53891648,1,0.041439796,0.001223605,1,33.86697712,521-18-6,521-18-6,2364,22364,1,0.8909,0.9404,0.840148743,1,Binders
105624-86-0,0,0,-7.985438917,-2.661812972,1,0.183564396,0.120057697,1,1.528968159,105624-86-0,105624-86-0,26970,46970,1,0.8842,0.9015,0.294496031,0,Binders
705-60-2,-6.397957099,-6.413505882,-6.163266076,-6.324909686,1,0.075476712,0.19756337,0,0.382037988,705-60-2,705-60-2,196505,41188,1,0.8927,0.8915,0.030281286,0,Binders
53-03-2,0,0,-9.504202008,-3.168067336,1,0.196217175,0.042302913,1,4.638384481,53-03-2,53-03-2,1185,21185,1,0.8727,0.9193,0.89952787,1,Binders
50-41-9,0,0,0,0,1,5.40354E-06,0.00241039,0,0.002241769,50-41-9,50-41-9,337,20337,1,0.8859,0.8915,0.182803873,0,Binders
DB00367,-10.46179646,0,-9.993816367,-6.818537609,1,0.175927799,0.02675932,1,6.574449419,,DB00367,,,1,0.8664,0.914,0.926058482,1,Binders
57-63-6,-10.8371334,0,-11.97645208,-7.604528491,1,0.058962924,0.002283615,1,25.81999727,57-63-6,57-63-6,576,20576,1,0.8652,0.9275,0.966938733,1,Binders
361343-19-3,0,0,0,0,1,5.40354E-06,0.00241039,0,0.002241769,361343-19-3,361343-19-3,27277,47277,1,0.8979,0.9187,0.297478148,0,Binders
125225-28-7,0,0,-9.029742975,-3.009914325,1,0.205249004,0.062305144,1,3.294254568,125225-28-7,125225-28-7,14674,34674,1,0.8771,0.9164,0.804744615,1,Binders
2425-06-1,-7.737314003,-6.710985084,-8.139412361,-7.529237149,1,0.190041189,0.110855481,1,1.714314769,2425-06-1,2425-06-1,242,20242,1,0.9144,0.9373,0.206046137,0,Binders
2919-66-6,0,0,0,0,1,5.40354E-06,0.00241039,0,0.002241769,2919-66-6,2919-66-6,28158,48184,1,0.8798,0.9218,0.756309733,1,Binders
709-98-8,-7.896478891,-7.819121258,-6.823582132,-7.51306076,1,0.115331149,0.181364838,0,0.635906883,709-98-8,709-98-8,2111,22111,1,0.8686,0.875,0.129908761,0,Binders
126833-17-8,-9.214813535,-9.202937513,-9.885307496,-9.434352848,1,0.18122822,0.029769882,1,6.087636528,126833-17-8,126833-17-8,12549,32549,1,0.8703,0.8918,0.656573568,1,Binders
DB01541,-10.23462567,0,-9.534348004,-6.58965789,1,0.195261925,0.041197284,1,4.739679517,,DB01541,,,1,0.8722,0.9294,0.949025504,1,Binders
1478-61-1,-10.57630043,0,-8.790461618,-6.455587349,1,0.205250339,0.074156389,1,2.767803855,1478-61-1,1478-61-1,17717,37717,1,0.8983,0.9258,0.46246925,0,Binders
DB00687,0,0,0,0,1,5.40354E-06,0.00241039,0,0.002241769,,DB00687,,,1,0.8669,0.9155,0.878943083,1,Binders
520-36-5,-10.95245884,-10.75329666,-10.7195436,-10.80843304,1,0.133101681,0.01216909,1,10.93768606,520-36-5,520-36-5,2391,22391,1,0.8848,0.91,0.606012754,1,Binders
DB01406,0,0,0,0,1,5.40354E-06,0.00241039,0,0.002241769,,DB01406,,,1,0.8931,0.9413,0.755282953,1,Binders
126-72-7,0,0,0,0,1,5.40354E-06,0.00241039,0,0.002241769,126-72-7,126-72-7,1413,21413,1,0.9491,0.9388,0.010343627,0,Binders
55406-53-6,-4.666318784,0,-4.144683034,-2.937000606,1,0.010067412,0.131412728,0,0.07660911,55406-53-6,55406-53-6,8038,28038,1,0.9299,0.9092,0.003505372,0,Binders
34256-82-1,-8.31861732,0,-7.737061524,-5.351892948,1,0.171289256,0.134860751,1,1.270119395,34256-82-1,34256-82-1,3848,23848,1,0.8852,0.8857,0.099245092,0,Binders
79-94-7,-9.140385986,-10.03931061,-9.229050437,-9.469582345,1,0.202878118,0.053313184,1,3.805402405,79-94-7,79-94-7,6081,26081,1,0.9028,0.9202,0.312029555,0,Binders
797-63-7,-10.68168107,0,-11.35611014,-7.345930403,1,0.09287158,0.005476147,1,16.95929216,797-63-7,797-63-7,16496,36496,1,0.866,0.9156,0.929783726,1,Binders
67747-09-5,-9.102629432,0,-8.76762059,-5.956750007,1,0.205087275,0.075343478,1,2.722030897,67747-09-5,67747-09-5,4270,24270,1,0.8841,0.8939,0.289560561,0,Binders
23031-36-9,-8.88130763,0,0,-2.960435877,1,5.40354E-06,0.00241039,0,0.002241769,23031-36-9,23031-36-9,196509,32572,1,0.9065,0.92,0.165190681,0,Binders
NOCAS_47351,-3.390368354,0,-9.638266676,-4.342878343,1,0.191649464,0.037538024,1,5.105475617,,NOCAS_47351,27351,47351,1,0.9024,0.9197,0.335773662,0,Binders
50-55-5,-1.628479593,0,0,-0.542826531,1,5.40354E-06,0.00241039,0,0.002241769,50-55-5,50-55-5,1237,21237,1,0.8924,0.9143,0.351665477,0,Binders
13674-87-8,0,0,0,0,1,5.40354E-06,0.00241039,0,0.002241769,13674-87-8,13674-87-8,6261,26261,1,0.9529,0.9451,0.01083803,0,Binders
500-38-9,-12.43646669,-12.08548525,-12.80153538,-12.44116244,1,0.027500906,0.000615605,1,44.67297222,500-38-9,500-38-9,2437,22437,1,0.8877,0.8946,0.24434273,0,Binders
110488-70-5,0,0,0,0,1,5.40354E-06,0.00241039,0,0.002241769,110488-70-5,110488-70-5,14545,34545,1,0.8815,0.9015,0.402712196,0,Binders
789-02-6,0,0,-9.108324687,-3.036108229,1,0.204568599,0.05866049,1,3.487331895,789-02-6,789-02-6,2345,22345,1,0.901,0.9236,0.394705843,0,Binders
291305-06-1,0,0,0,0,1,5.40354E-06,0.00241039,0,0.002241769,291305-06-1,291305-06-1,27295,47295,1,0.8894,0.9165,0.45792865,0,Binders
DB06412,0,0,0,0,1,5.40354E-06,0.00241039,0,0.002241769,,DB06412,,,1,0.8882,0.9344,0.759157865,1,Binders
115-29-7,0,0,-7.72344294,-2.57448098,1,0.170559595,0.135663333,1,1.257226922,115-29-7,115-29-7,560,20560,1,0.9241,0.9495,0.144469974,0,Binders
13311-84-7,-8.405614856,-8.708494518,-7.375668395,-8.163259256,1,0.150411254,0.155422241,0,0.967758883,13311-84-7,13311-84-7,11121,32004,1,0.8881,0.9013,0.153823507,0,Binders
145-73-3,-7.465131117,-7.942905942,-7.357527211,-7.588521423,1,0.149296428,0.156399974,0,0.954580898,145-73-3,145-73-3,4081,24081,1,0.9346,0.9352,0.017429536,0,Binders
52806-53-8,-8.847919772,-8.858694641,-8.560146446,-8.755586953,1,0.202323535,0.086521963,1,2.338406665,52806-53-8,52806-53-8,13562,33562,1,0.8825,0.9009,0.405951595,0,Binders
114369-43-6,0,0,0,0,1,5.40354E-06,0.00241039,0,0.002241769,114369-43-6,114369-43-6,12548,32548,1,0.8989,0.9277,0.412087303,0,Binders
