s_sd_Canonical\_QSARr,s_m_title,HumDockScore,RatDockScore,ChimpDockScore,AVG,bindingClass,P_Act_dockChimp,P_Inact,PredBayes,ratio,cas,casrn,cid,gsid,dsstox_substance_id,preferred_name,SMILES,InChI_Code_QSARr,InChI Key_QSARr,BindingClass,avgD_Act,avgD_Inact,PredBindingClass,predMLogR
C[C@]12CC[C@H]3[C@@H](CCc4cc(O)ccc43)[C@@H]1C[C@@H](O)[C@@H]2O,50-27-1,-12.08682454,-11.4167089,-13.79083039,-12.43145461,1,0.00868218,0.000102376,1,84.80690617,50-27-1,50-27-1,2366,22366,DTXSID9022366,Estriol,C[C@]12CC[C@H]3[C@@H](CCc4cc(O)ccc43)[C@@H]1C[C@@H](O)[C@@H]2O,"InChI=1S/C18H24O3/c1-18-7-6-13-12-5-3-11(19)8-10(12)2-4-14(13)15(18)9-16(20)17(18)21/h3,5,8,13-17,19-21H,2,4,6-7,9H2,1H3/t13-,14-,15+,16-,17+,18+/m1/s1",PROQIPRRNZUXQM-ZXXIGWHRSA-N,1,0.8676,0.9291,0.95757501,1
CC(Cc1cc(O)c(O)cc1)C(C)Cc1cc(O)c(O)cc1,500-38-9,-12.43646669,-12.08548525,-12.80153538,-12.44116244,1,0.027500906,0.000615605,1,44.67297222,500-38-9,500-38-9,2437,22437,DTXSID5022437,Nordihydroguaiaretic acid,CC(Cc1cc(O)c(O)cc1)C(C)Cc1cc(O)c(O)cc1,"InChI=1S/C18H22O4/c1-11(7-13-3-5-15(19)17(21)9-13)12(2)8-14-4-6-16(20)18(22)10-14/h3-6,9-12,19-22H,7-8H2,1-2H3",HCZKYJDFEPMADG-UHFFFAOYSA-N,1,0.8877,0.8946,0.24434273,0
C[C@]12CC[C@H]3[C@@H](CC[C@H]4CC(=O)CC[C@@]43C)[C@@H]1CC[C@@H]2O,521-18-6,-10.23432601,0,-12.38242343,-7.53891648,1,0.041439796,0.001223605,1,33.86697712,521-18-6,521-18-6,2364,22364,DTXSID9022364,5alpha-Dihydrotestosterone,C[C@]12CC[C@H]3[C@@H](CC[C@H]4CC(=O)CC[C@@]43C)[C@@H]1CC[C@@H]2O,"InChI=1S/C19H30O2/c1-18-9-7-13(20)11-12(18)3-4-14-15-5-6-17(21)19(15,2)10-8-16(14)18/h12,14-17,21H,3-11H2,1-2H3/t12-,14-,15-,16-,17-,18-,19-/m0/s1",NVKAWKQGWWIWPM-ABEVXSGRSA-N,1,0.8909,0.9404,0.840148743,1
,DB06710,0,0,-12.00498179,-4.001660595,1,0.057601907,0.002188559,1,26.31955555,,DB06710,,,,,CC12CCC3C(CCC4=CC(=O)CCC43C)C1CCC2(C)O,"InChI=1S/C20H30O2/c1-18-9-6-14(21)12-13(18)4-5-15-16(18)7-10-19(2)17(15)8-11-20(19,3)22/h12,15-17,22H,4-11H2,1-3H3",GCKMFJBGXUYNAG-UHFFFAOYSA-N,1,0.8585,0.9245,0.978790202,1
C[C@]12CC[C@H]3[C@@H](CCc4cc(O)ccc43)[C@@H]1CC[C@@H]2O,50-28-2,-10.56074377,-10.89029224,-11.97908663,-11.14337421,1,0.058836438,0.002274686,1,25.86574449,50-28-2,50-28-2,573,20573,DTXSID0020573,17beta-Estradiol,C[C@]12CC[C@H]3[C@@H](CCc4cc(O)ccc43)[C@@H]1CC[C@@H]2O,"InChI=1S/C18H24O2/c1-18-9-8-14-13-5-3-12(19)10-11(13)2-4-15(14)16(18)6-7-17(18)20/h3,5,10,14-17,19-20H,2,4,6-9H2,1H3/t14-,15-,16+,17+,18+/m1/s1",VOXZDWNPVJITMN-ZBRFXRBCSA-N,1,0.861,0.9286,0.979429958,1
C[C@]12CC[C@H]3[C@@H](CCc4cc(O)ccc43)[C@@H]1CC[C@@]2(O)C#C,57-63-6,-10.8371334,0,-11.97645208,-7.604528491,1,0.058962924,0.002283615,1,25.81999727,57-63-6,57-63-6,576,20576,DTXSID5020576,17alpha-Ethinylestradiol,C[C@]12CC[C@H]3[C@@H](CCc4cc(O)ccc43)[C@@H]1CC[C@@]2(O)C#C,"InChI=1S/C20H24O2/c1-3-20(22)11-9-18-17-6-4-13-12-14(21)5-7-15(13)16(17)8-10-19(18,20)2/h1,5,7,12,16-18,21-22H,4,6,8-11H2,2H3/t16-,17-,18+,19+,20+/m1/s1",BFPYWIDHMRZLRN-SLHNCBLASA-N,1,0.8652,0.9275,0.966938733,1
C[C@]12C=CC3[C@@H](CCC4=CC(=O)CCC4=3)[C@@H]1CC[C@@H]2O,10161-33-8,-10.59826425,-10.64605357,-11.58355929,-10.9426257,1,0.079560425,0.004017953,1,19.80123219,10161-33-8,10161-33-8,14192,34192,DTXSID0034192,17beta-Trenbolone,C[C@]12C=CC3[C@@H](CCC4=CC(=O)CCC4=3)[C@@H]1CC[C@@H]2O,"InChI=1S/C18H22O2/c1-18-9-8-14-13-5-3-12(19)10-11(13)2-4-15(14)16(18)6-7-17(18)20/h8-10,15-17,20H,2-7H2,1H3/t15-,16+,17+,18+/m1/s1",MEHHPFQKXOUFFV-OWSLCNJRSA-N,1,0.8867,0.9322,0.835202432,1
CC[C@]12CC[C@@H]3[C@H]4CCC(=O)C=C4CC[C@H]3[C@@H]1CC[C@@]2(O)C#C,797-63-7,-10.68168107,0,-11.35611014,-7.345930403,1,0.09287158,0.005476147,1,16.95929216,797-63-7,797-63-7,16496,36496,DTXSID3036496,Norgestrel,CC[C@]12CC[C@@H]3[C@H]4CCC(=O)C=C4CC[C@H]3[C@@H]1CC[C@@]2(O)C#C,"InChI=1S/C21H28O2/c1-3-20-11-9-17-16-8-6-15(22)13-14(16)5-7-18(17)19(20)10-12-21(20,23)4-2/h2,13,16-19,23H,3,5-12H2,1H3/t16-,17+,18+,19-,20-,21-/m0/s1",WWYNJERNGUHSAO-XUDSTZEESA-N,1,0.866,0.9156,0.929783726,1
CC12C=CC3C(CCC4=CC(=O)CCC4=3)C1CCC2(C)O,DB02998,-10.37643147,-6.233506009,-11.34914929,-9.31969559,1,0.093292094,0.005527169,1,16.87882092,,DB02998,,,,,CC12C=CC3C(CCC4=CC(=O)CCC4=3)C1CCC2(C)O,"InChI=1S/C19H24O2/c1-18-9-7-15-14-6-4-13(20)11-12(14)3-5-16(15)17(18)8-10-19(18,2)21/h7,9,11,16-17,21H,3-6,8,10H2,1-2H3",CCCIJQPRIXGQOE-UHFFFAOYSA-N,1,0.8853,0.9331,0.864520815,1
CC12CCC3C(CCC4CC(=O)CCC43C)C1CCC2O,DB02901,-10.11672012,0,-11.16170544,-7.092808518,1,0.104851805,0.007063196,1,14.84481107,,DB02901,,,,,CC12CCC3C(CCC4CC(=O)CCC43C)C1CCC2O,"InChI=1S/C19H30O2/c1-18-9-7-13(20)11-12(18)3-4-14-15-5-6-17(21)19(15,2)10-8-16(14)18/h12,14-17,21H,3-11H2,1-2H3",NVKAWKQGWWIWPM-UHFFFAOYSA-N,1,0.8776,0.9283,0.910193876,1
C[C@]12CC[C@H]3[C@@H](CCc4cc(O)ccc43)[C@@H]1CC[C@H]2O,57-91-0,-10.69580382,-10.86022483,-10.93078776,-10.8289388,1,0.119536113,0.009440772,1,12.66168886,57-91-0,57-91-0,2377,22377,DTXSID8022377,17alpha-Estradiol,C[C@]12CC[C@H]3[C@@H](CCc4cc(O)ccc43)[C@@H]1CC[C@H]2O,"InChI=1S/C18H24O2/c1-18-9-8-14-13-5-3-12(19)10-11(13)2-4-15(14)16(18)6-7-17(18)20/h3,5,10,14-17,19-20H,2,4,6-9H2,1H3/t14-,15-,16+,17-,18+/m1/s1",VOXZDWNPVJITMN-SFFUCWETSA-N,1,0.861,0.9286,0.982026036,1
,68-96-2,0,-9.471553615,-10.92178852,-6.79778071,1,0.120113811,0.009545575,1,12.58319228,68-96-2,68-96-2,20747,40747,DTXSID6040747,17alpha-Hydroxyprogesterone,CC(=O)[C@@]1(O)CC[C@H]2[C@@H]3CCC4=CC(=O)CC[C@]4(C)[C@H]3CC[C@]12C,"InChI=1S/C21H30O3/c1-13(22)21(24)11-8-18-16-5-4-14-12-15(23)6-9-19(14,2)17(16)7-10-20(18,21)3/h12,16-18,24H,4-11H2,1-3H3/t16-,17+,18+,19+,20+,21+/m1/s1",DBPWSSGDRRHUNT-CEGNMAFCSA-N,1,0.8548,0.9171,0.979019491,1
C[C@]12CC[C@H]3[C@@H](CCc4cc(O)ccc43)[C@@H]1CCC2=O,53-16-7,-9.792771579,-10.41460177,-10.89507175,-10.3674817,1,0.121829927,0.009862455,1,12.35290124,53-16-7,53-16-7,2367,22367,DTXSID4022367,Estrone,C[C@]12CC[C@H]3[C@@H](CCc4cc(O)ccc43)[C@@H]1CCC2=O,"InChI=1S/C18H22O2/c1-18-9-8-14-13-5-3-12(19)10-11(13)2-4-15(14)16(18)6-7-17(18)20/h3,5,10,14-16,19H,2,4,6-9H2,1H3/t14-,15-,16+,18+/m1/s1",DNXHEGUUPJUMQT-CBZIJGRNSA-N,1,0.8526,0.9166,0.982524409,1
Oc1ccc(cc1)C(c1ccc(O)cc1)C(Cl)(Cl)Cl,2971-36-0,-9.835786392,-9.848064553,-10.87169793,-10.18518296,1,0.123332225,0.010146829,1,12.15475534,2971-36-0,2971-36-0,2325,22325,DTXSID8022325,"2,2-Bis(4-hydroxyphenyl)-1,1,1-trichloroethane",Oc1ccc(cc1)C(c1ccc(O)cc1)C(Cl)(Cl)Cl,"InChI=1S/C14H11Cl3O2/c15-14(16,17)13(9-1-5-11(18)6-2-9)10-3-7-12(19)8-4-10/h1-8,13,18-19H",IUGDILGOLSSKNE-UHFFFAOYSA-N,1,0.8954,0.9206,0.5200764,1
CC(O)(CS(=O)(=O)c1ccc(F)cc1)C(=O)Nc1cc(c(cc1)C#N)C(F)(F)F,90357-06-5,-11.83771005,0,-10.86312757,-7.566945875,1,0.123883188,0.010252794,1,12.08287121,90357-06-5,90357-06-5,820065,22678,DTXSID2022678,Bicalutamide,CC(O)(CS(=O)(=O)c1ccc(F)cc1)C(=O)Nc1cc(c(cc1)C#N)C(F)(F)F,"InChI=1S/C18H14F4N2O4S/c1-17(26,10-29(27,28)14-6-3-12(19)4-7-14)16(25)24-13-5-2-11(9-23)15(8-13)18(20,21)22/h2-8,26H,10H2,1H3,(H,24,25)",LKJPYSCBVHEWIU-UHFFFAOYSA-N,1,0.8876,0.902,0.402485759,0
CC[C@H]([C@H](CC)c1ccc(O)cc1)c1ccc(O)cc1,84-16-2,-10.31851886,-9.354712888,-10.85906701,-10.17743292,1,0.124144243,0.010303319,1,12.04895606,84-16-2,84-16-2,2381,22381,DTXSID2022381,meso-Hexestrol,CC[C@H]([C@H](CC)c1ccc(O)cc1)c1ccc(O)cc1,"InChI=1S/C18H22O2/c1-3-17(13-5-9-15(19)10-6-13)18(4-2)14-7-11-16(20)12-8-14/h5-12,17-20H,3-4H2,1-2H3/t17-,18+",PBBGSZCBWVPOOL-HDICACEKSA-N,1,0.8695,0.8822,0.515990274,1
C[C@]12CC[C@@H]3c4ccc(O)cc4CC=C3[C@@H]1CCC2=O,474-86-2,-9.946912312,-10.63407131,-10.85822116,-10.47973492,1,0.124198623,0.01031387,1,12.04190278,474-86-2,474-86-2,27433,47433,DTXSID7047433,Equilin,C[C@]12CC[C@@H]3c4ccc(O)cc4CC=C3[C@@H]1CCC2=O,"InChI=1S/C18H20O2/c1-18-9-8-14-13-5-3-12(19)10-11(13)2-4-15(14)16(18)6-7-17(18)20/h3-5,10,14,16,19H,2,6-9H2,1H3/t14-,16+,18+/m1/s1",WKRLQDKEXYKHJB-HFTRVMKXSA-N,1,0.8662,0.9182,0.942659142,1
,57-83-0,0,0,-10.83333813,-3.611112711,1,0.125798382,0.010628293,1,11.83617927,57-83-0,57-83-0,2370,22370,DTXSID3022370,Progesterone,CC(=O)[C@H]1CC[C@H]2[C@@H]3CCC4=CC(=O)CC[C@]4(C)[C@H]3CC[C@@]21C,"InChI=1S/C21H30O2/c1-13(22)17-6-7-18-16-5-4-14-12-15(23)8-10-20(14,2)19(16)9-11-21(17,18)3/h12,16-19H,4-11H2,1-3H3/t16-,17+,18-,19-,20-,21+/m0/s1",RJKFOVLPORLFTN-LEKSSAKUSA-N,1,0.8648,0.9242,0.965842449,1
Oc1cc(O)cc2OC(=CC(=O)c12)c1ccc(O)cc1,520-36-5,-10.95245884,-10.75329666,-10.7195436,-10.80843304,1,0.133101681,0.01216909,1,10.93768606,520-36-5,520-36-5,2391,22391,DTXSID6022391,Apigenin,Oc1cc(O)cc2OC(=CC(=O)c12)c1ccc(O)cc1,"InChI=1S/C15H10O5/c16-9-3-1-8(2-4-9)13-7-12(19)15-11(18)5-10(17)6-14(15)20-13/h1-7,16-18H",KZNIFHPLKGYRTM-UHFFFAOYSA-N,1,0.8848,0.91,0.606012754,1
C[C@]12CCC(=O)C=C1CC[C@@H]1[C@@H]2CC[C@@]2(C)[C@H]1CCC2=O,63-05-8,-9.417615331,-1.82941524,-10.6904578,-7.312496122,1,0.134960947,0.012591068,1,10.71878461,63-05-8,63-05-8,4523,24523,DTXSID8024523,"4-Androstene-3,17-dione",C[C@]12CCC(=O)C=C1CC[C@@H]1[C@@H]2CC[C@@]2(C)[C@H]1CCC2=O,"InChI=1S/C19H26O2/c1-18-9-7-13(20)11-12(18)3-4-14-15-5-6-17(21)19(15,2)10-8-16(14)18/h11,14-16H,3-10H2,1-2H3/t14-,15-,16-,18-,19-/m0/s1",AEMFNILZOJDQLW-QAGGRKNESA-N,1,0.8668,0.9308,0.973408254,1
,DB00621,0,0,-10.62209856,-3.540699522,1,0.139310263,0.013630097,1,10.22078291,,DB00621,,,,,CC12CCC3C(CCC4CC(=O)OCC43C)C1CCC2(C)O,"InChI=1S/C19H30O3/c1-17-11-22-16(20)10-12(17)4-5-13-14(17)6-8-18(2)15(13)7-9-19(18,3)21/h12-15,21H,4-11H2,1-3H3",QSLJIVKCVHQPLV-UHFFFAOYSA-N,1,0.8858,0.9322,0.861324627,1
C[C@]12CC[C@H]3[C@@H](CC=C4C[C@@H](O)CC[C@@]43C)[C@@H]1CCC2=O,53-43-0,-10.70280704,0,-10.50750338,-7.07010347,1,0.146509375,0.015527449,1,9.435508529,53-43-0,53-43-0,379,20379,DTXSID4020379,Dehydroepiandrosterone,C[C@]12CC[C@H]3[C@@H](CC=C4C[C@@H](O)CC[C@@]43C)[C@@H]1CCC2=O,"InChI=1S/C19H28O2/c1-18-9-7-13(20)11-12(18)3-4-14-15-5-6-17(21)19(15,2)10-8-16(14)18/h3,13-16,20H,4-11H2,1-2H3/t13-,14-,15-,16-,18-,19-/m0/s1",FMGSKLZLMKYGDP-USOAJAOKSA-N,1,0.8755,0.9259,0.918893897,1
,56-53-1,0,-9.48150845,-10.49750618,-6.659671544,1,0.147130443,0.015702579,1,9.36982648,56-53-1,56-53-1,465,20465,DTXSID3020465,Diethylstilbestrol,CC/C(/c1ccc(O)cc1)=C(/CC)\c1ccc(O)cc1,"InChI=1S/C18H20O2/c1-3-17(13-5-9-15(19)10-6-13)18(4-2)14-7-11-16(20)12-8-14/h5-12,19-20H,3-4H2,1-2H3/b18-17+",RGLYKWWBQGJZGM-ISLYRVAYSA-N,1,0.8669,0.8809,0.565346746,1
CNCc1cc(F)ccc1Oc1cc(Cl)c(Cl)cc1,289716-94-5,-10.80381628,-10.18531636,-10.48600941,-10.49171402,1,0.147843074,0.015905936,1,9.294836278,289716-94-5,289716-94-5,27280,47280,DTXSID6047280,CP-607366,CNCc1cc(F)ccc1Oc1cc(Cl)c(Cl)cc1,"InChI=1S/C14H12Cl2FNO/c1-18-8-9-6-10(17)2-5-14(9)19-11-3-4-12(15)13(16)7-11/h2-7,18H,8H2,1H3",FQEBOQLYHASAOY-UHFFFAOYSA-N,1,0.8903,0.9094,0.466258321,0
Oc1cc(O)c(cc1)C(=O)c1ccc(O)cc1O,131-55-5,-9.748783141,-9.394411874,-10.45851432,-9.867236446,1,0.149540095,0.016400843,1,9.117829697,131-55-5,131-55-5,21306,41306,DTXSID5041306,"2,2',4,4'-Tetrahydroxybenzophenone",Oc1cc(O)c(cc1)C(=O)c1ccc(O)cc1O,"InChI=1S/C13H10O5/c14-7-1-3-9(11(16)5-7)13(18)10-4-2-8(15)6-12(10)17/h1-6,14-17H",WXNRYSGJLQFHBR-UHFFFAOYSA-N,1,0.8703,0.8883,0.604705995,1
Oc1ccc2ccc3cccc4ccc1c2c34,5315-79-7,-10.2732391,-10.37499223,-10.45625397,-10.36816177,1,0.149679132,0.016442071,1,9.103423392,5315-79-7,5315-79-7,18298,38298,DTXSID1038298,1-Hydroxypyrene,Oc1ccc2ccc3cccc4ccc1c2c34,"InChI=1S/C16H10O/c17-14-9-7-12-5-4-10-2-1-3-11-6-8-13(14)16(12)15(10)11/h1-9,17H",BIJNHUAPTJVVNQ-UHFFFAOYSA-N,1,0.9035,0.9195,0.318910703,0
,50-22-6,0,0,-10.43374475,-3.477914917,1,0.151059585,0.016857162,1,8.96115185,50-22-6,50-22-6,2474,22474,DTXSID6022474,Corticosterone,C[C@]12CCC(=O)C=C1CC[C@@H]1[C@@H]2[C@@H](O)C[C@]2(C)[C@H](CC[C@H]21)C(=O)CO,"InChI=1S/C21H30O4/c1-20-8-7-13(23)9-12(20)3-4-14-15-5-6-16(18(25)11-22)21(15,2)10-17(24)19(14)20/h9,14-17,19,22,24H,3-8,10-11H2,1-2H3/t14-,15-,16+,17-,19+,20-,21-/m0/s1",OMFXVFTZEKFJBZ-HJTSIMOOSA-N,1,0.8666,0.9189,0.944784287,1
,57-85-2,0,0,-10.3243393,-3.441446433,1,0.157650171,0.018994927,1,8.299593415,57-85-2,57-85-2,16515,36515,DTXSID9036515,Testosterone propionate,CCC(=O)O[C@H]1CC[C@H]2[C@@H]3CCC4=CC(=O)CC[C@]4(C)[C@H]3CC[C@]12C,"InChI=1S/C22H32O3/c1-4-20(24)25-19-8-7-17-16-6-5-14-13-15(23)9-11-21(14,2)18(16)10-12-22(17,19)3/h13,16-19H,4-12H2,1-3H3/t16-,17-,18-,19-,21-,22-/m0/s1",PDMMFKSKQVNJMI-BLQWBTBKSA-N,1,0.853,0.9094,0.972014986,1
CC1CC2(C)C3CCC4(C)C(O)CCC4C3CCC2CC1=O,DB00858,-9.547145785,0,-10.26921047,-6.605452086,1,0.160885319,0.020150167,1,7.984316988,,DB00858,,,,,CC1CC2(C)C3CCC4(C)C(O)CCC4C3CCC2CC1=O,"InChI=1S/C20H32O2/c1-12-11-20(3)13(10-17(12)21)4-5-14-15-6-7-18(22)19(15,2)9-8-16(14)20/h12-16,18,22H,4-11H2,1-3H3",IKXILDNPCZPPRV-UHFFFAOYSA-N,1,0.8876,0.9355,0.868176132,1
Oc1ccc(Cl)cc1Cc1cc(Cl)ccc1O,97-23-4,-10.92863236,0,-10.22636009,-7.051664149,1,0.163354573,0.021085464,1,7.747259963,97-23-4,97-23-4,1824,21824,DTXSID6021824,Dichlorophen,Oc1ccc(Cl)cc1Cc1cc(Cl)ccc1O,"InChI=1S/C13H10Cl2O2/c14-10-1-3-12(16)8(6-10)5-9-7-11(15)2-4-13(9)17/h1-4,6-7,16-17H,5H2",MDNWOSOZYLHTCG-UHFFFAOYSA-N,1,0.8802,0.9085,0.691421013,1
C[C@]12CC[C@H]3[C@@H](CCC4=CC(=O)CC[C@@]43C)[C@@H]1CC[C@]2(C)O,58-18-4,-10.18611432,0,-10.20360861,-6.796574312,1,0.164648343,0.021595591,1,7.624164715,58-18-4,58-18-4,13664,33664,DTXSID1033664,17-Methyltestosterone,C[C@]12CC[C@H]3[C@@H](CCC4=CC(=O)CC[C@@]43C)[C@@H]1CC[C@]2(C)O,"InChI=1S/C20H30O2/c1-18-9-6-14(21)12-13(18)4-5-15-16(18)7-10-19(2)17(15)8-11-20(19,3)22/h12,15-17,22H,4-11H2,1-3H3/t15-,16+,17+,18+,19+,20+/m1/s1",GCKMFJBGXUYNAG-HLXURNFRSA-N,1,0.8565,0.9259,0.986718291,1
CCC(C)(c1ccc(O)cc1)c1ccc(O)cc1,77-40-7,-10.0080193,-10.20464824,-10.07130841,-10.09465865,1,0.17190814,0.024753328,1,6.9448495,77-40-7,77-40-7,2442,22442,DTXSID4022442,Bisphenol B,CCC(C)(c1ccc(O)cc1)c1ccc(O)cc1,"InChI=1S/C16H18O2/c1-3-16(2,12-4-8-14(17)9-5-12)13-6-10-15(18)11-7-13/h4-11,17-18H,3H2,1-2H3",HTVITOHKHWFJKO-UHFFFAOYSA-N,1,0.8734,0.8912,0.578168514,1
NC(=O)CN(CC(F)(F)F)c1cc(c(cc1)C#N)C(F)(F)F,864283-48-7,-10.29719383,-10.34566393,-9.998390272,-10.21374934,1,0.175695738,0.026637627,1,6.59577276,864283-48-7,864283-48-7,27312,47312,DTXSID1047312,GSK232420A,NC(=O)CN(CC(F)(F)F)c1cc(c(cc1)C#N)C(F)(F)F,"InChI=1S/C12H9F6N3O/c13-11(14,15)6-21(5-10(20)22)8-2-1-7(4-19)9(3-8)12(16,17)18/h1-3H,5-6H2,(H2,20,22)",ZDYGKWOTFUOWOA-UHFFFAOYSA-N,1,0.9018,0.9146,0.284616538,0
CCC12CCC3C4CCC(=O)C=C4CCC3C1CCC2(O)C#C,DB00367,-10.46179646,0,-9.993816367,-6.818537609,1,0.175927799,0.02675932,1,6.574449419,,DB00367,,,,,CCC12CCC3C4CCC(=O)C=C4CCC3C1CCC2(O)C#C,"InChI=1S/C21H28O2/c1-3-20-11-9-17-16-8-6-15(22)13-14(16)5-7-18(17)19(20)10-12-21(20,23)4-2/h2,13,16-19,23H,3,5-12H2,1H3",WWYNJERNGUHSAO-UHFFFAOYSA-N,1,0.8664,0.914,0.926058482,1
CC(C)(c1ccc(O)cc1)c1ccc(O)cc1,80-05-7,-9.503139609,-9.62976603,-9.980285126,-9.704396922,1,0.176610367,0.027121774,1,6.511755643,80-05-7,80-05-7,182,20182,DTXSID7020182,Bisphenol A,CC(C)(c1ccc(O)cc1)c1ccc(O)cc1,"InChI=1S/C15H16O2/c1-15(2,11-3-7-13(16)8-4-11)12-5-9-14(17)10-6-12/h3-10,16-17H,1-2H3",IISBACLAFKSPIT-UHFFFAOYSA-N,1,0.8782,0.9026,0.645708331,1
CC1(CCCCC1)C(=O)Nc1ccc(O)c(Cl)c1Cl,126833-17-8,-9.214813535,-9.202937513,-9.885307496,-9.434352848,1,0.18122822,0.029769882,1,6.087636528,126833-17-8,126833-17-8,12549,32549,DTXSID3032549,Fenhexamid,CC1(CCCCC1)C(=O)Nc1ccc(O)c(Cl)c1Cl,"InChI=1S/C14H17Cl2NO2/c1-14(7-3-2-4-8-14)13(19)17-9-5-6-10(18)12(16)11(9)15/h5-6,18H,2-4,7-8H2,1H3,(H,17,19)",VDLGAVXLJYLFDH-UHFFFAOYSA-N,1,0.8703,0.8918,0.656573568,1
C[C@]12CC[C@@H]3[C@H]4CCC(=O)C=C4CC[C@H]3[C@@H]1CC[C@@]2(O)C#C,68-22-4,-10.115856,0,-9.850661642,-6.655505882,1,0.182833491,0.030781823,1,5.939657712,68-22-4,68-22-4,3380,23380,DTXSID9023380,Norethindrone,C[C@]12CC[C@@H]3[C@H]4CCC(=O)C=C4CC[C@H]3[C@@H]1CC[C@@]2(O)C#C,"InChI=1S/C20H26O2/c1-3-20(22)11-9-18-17-6-4-13-12-14(21)5-7-15(13)16(17)8-10-19(18,20)2/h1,12,15-18,22H,4-11H2,2H3/t15-,16+,17+,18-,19-,20-/m0/s1",VIKNJXKGJWUCNN-XGXHKTLJSA-N,1,0.8657,0.9225,0.959043926,1
Cc1c2ccc3ccccc3c2c(C)c2ccccc12,57-97-6,-10.52851722,-10.44561457,-9.799630219,-10.25792067,1,0.185116342,0.032317846,1,5.727991427,57-97-6,57-97-6,510,20510,DTXSID1020510,"7,12-Dimethylbenz(a)anthracene",Cc1c2ccc3ccccc3c2c(C)c2ccccc12,"InChI=1S/C20H16/c1-13-16-8-5-6-9-17(16)14(2)20-18(13)12-11-15-7-3-4-10-19(15)20/h3-12H,1-2H3",ARSRBNBHOADGJU-UHFFFAOYSA-N,1,0.9085,0.9154,0.175497687,0
,604-75-1,0,-10.01097067,-9.738353844,-6.583108171,1,0.18772348,0.034234676,1,5.483430872,604-75-1,604-75-1,1087,21087,DTXSID1021087,Oxazepam,OC1N=C(c2cc(Cl)ccc2NC1=O)c1ccccc1,"InChI=1S/C15H11ClN2O2/c16-10-6-7-12-11(8-10)13(9-4-2-1-3-5-9)18-15(20)14(19)17-12/h1-8,15,20H,(H,17,19)",ADIMAYPTOBDMTL-UHFFFAOYSA-N,1,0.8858,0.9151,0.659792194,1
Oc1cc(Cl)ccc1Oc1ccc(Cl)cc1Cl,3380-34-5,-9.788224111,-9.440627761,-9.72605194,-9.651634604,1,0.188228665,0.034629114,1,5.435561091,3380-34-5,3380-34-5,12498,32498,DTXSID5032498,Triclosan,Oc1cc(Cl)ccc1Oc1ccc(Cl)cc1Cl,"InChI=1S/C12H7Cl3O2/c13-7-1-3-11(9(15)5-7)17-12-4-2-8(14)6-10(12)16/h1-6,16H",XEFQLINVKFYRCS-UHFFFAOYSA-N,1,0.8881,0.9152,0.608385257,1
CCOC(=O)C(O)(c1ccc(Cl)cc1)c1ccc(Cl)cc1,510-15-6,-10.71268897,-10.07797779,-9.655258643,-10.1486418,1,0.19101303,0.036962007,1,5.167820836,510-15-6,510-15-6,299,20299,DTXSID9020299,Chlorobenzilate,CCOC(=O)C(O)(c1ccc(Cl)cc1)c1ccc(Cl)cc1,"InChI=1S/C16H14Cl2O3/c1-2-21-15(19)16(20,11-3-7-13(17)8-4-11)12-5-9-14(18)10-6-12/h3-10,20H,2H2,1H3",RAPBNVDSDCTNRC-UHFFFAOYSA-N,1,0.8521,0.8621,0.604196618,1
CN(C(C)C)C(=O)[C@@H](Cc1ccc(CN2[C@H](C)CCC[C@@H]2C)cc1)NC(=O)C[C@@H](NS(=O)(=O)c1cc2ccc(cc2cc1)OC)c1cc2OCOc2cc1,NOCAS_47351,-3.390368354,0,-9.638266676,-4.342878343,1,0.191649464,0.037538024,1,5.105475617,,NOCAS_47351,27351,47351,DTXSID2047351,SSR240612,CN(C(C)C)C(=O)[C@@H](Cc1ccc(CN2[C@H](C)CCC[C@@H]2C)cc1)NC(=O)C[C@@H](NS(=O)(=O)c1cc2ccc(cc2cc1)OC)c1cc2OCOc2cc1,"InChI=1S/C42H52N4O7S/c1-27(2)45(5)42(48)38(20-30-10-12-31(13-11-30)25-46-28(3)8-7-9-29(46)4)43-41(47)24-37(34-16-19-39-40(23-34)53-26-52-39)44-54(49,50)36-18-15-32-21-35(51-6)17-14-33(32)22-36/h10-19,21-23,27-29,37-38,44H,7-9,20,24-26H2,1-6H3,(H,43,47)/t28-,29+,37-,38-/m1/s1",QGWIQIAWOCJRPI-WSCVWKGISA-N,1,0.9024,0.9197,0.335773662,0
,107534-96-3,0,-8.539452923,-9.576458552,-6.038637158,1,0.193856949,0.039686106,1,4.88475605,107534-96-3,107534-96-3,12113,32113,DTXSID9032113,Tebuconazole,CC(C)(C)C(O)(C[n]1c[n]c[n]1)CCc1ccc(Cl)cc1,"InChI=1S/C16H22ClN3O/c1-15(2,3)16(21,10-20-12-18-11-19-20)9-8-13-4-6-14(17)7-5-13/h4-7,11-12,21H,8-10H2,1-3H3",PXMNMQRDXWABCY-UHFFFAOYSA-N,1,0.8842,0.9134,0.663419962,1
CC12CCC3C(CCC4=CC(=O)C=CC43C)C1CCC2O,DB01541,-10.23462567,0,-9.534348004,-6.58965789,1,0.195261925,0.041197284,1,4.739679517,,DB01541,,,,,CC12CCC3C(CCC4=CC(=O)C=CC43C)C1CCC2O,"InChI=1S/C19H26O2/c1-18-9-7-13(20)11-12(18)3-4-14-15-5-6-17(21)19(15,2)10-8-16(14)18/h7,9,11,14-17,21H,3-6,8,10H2,1-2H3",RSIHSRDYCUFFLA-UHFFFAOYSA-N,1,0.8722,0.9294,0.949025504,1
,53-03-2,0,0,-9.504202008,-3.168067336,1,0.196217175,0.042302913,1,4.638384481,53-03-2,53-03-2,1185,21185,DTXSID4021185,Prednisone,C[C@]12CC(=O)[C@H]3[C@@H](CCC4=CC(=O)C=C[C@@]43C)[C@@H]1CC[C@]2(O)C(=O)CO,"InChI=1S/C21H26O5/c1-19-7-5-13(23)9-12(19)3-4-14-15-6-8-21(26,17(25)11-22)20(15,2)10-16(24)18(14)19/h5,7,9,14-15,18,22,26H,3-4,6,8,10-11H2,1-2H3/t14-,15-,18+,19-,20-,21-/m0/s1",XOFYZVNMUHMLCC-ZPOLXVRWSA-N,1,0.8727,0.9193,0.89952787,1
,68694-11-1,0,-8.95058291,-9.44547392,-6.132018943,1,0.197954251,0.044513981,1,4.447013,68694-11-1,68694-11-1,12500,32500,DTXSID2032500,Triflumizole,CCCOC/C(=N\c1ccc(Cl)cc1C(F)(F)F)/[n]1c[n]cc1,"InChI=1S/C15H15ClF3N3O/c1-2-7-23-9-14(22-6-5-20-10-22)21-13-4-3-11(16)8-12(13)15(17,18)19/h3-6,8,10H,2,7,9H2,1H3/b21-14+",HSMVPDGQOIQYSR-KGENOOAVSA-N,1,0.8851,0.9063,0.521332113,1
CC(C)(c1ccccc1)c1ccc(O)cc1,599-64-4,-9.38070834,-9.649509575,-9.401391403,-9.477203106,1,0.199148288,0.046223326,1,4.308393742,599-64-4,599-64-4,2536,22536,DTXSID3022536,4-Cumylphenol,CC(C)(c1ccccc1)c1ccc(O)cc1,"InChI=1S/C15H16O/c1-15(2,12-6-4-3-5-7-12)13-8-10-14(16)11-9-13/h3-11,16H,1-2H3",QBDSZLJBMIMQRS-UHFFFAOYSA-N,1,0.8717,0.8927,0.618842675,1
CC12CCC3C(CCC4CC(=O)C=CC43C)C1CCC2O,DB01481,-9.063961419,0,-9.398114922,-6.154025447,1,0.199233216,0.046352075,1,4.298258851,,DB01481,,,,,CC12CCC3C(CCC4CC(=O)C=CC43C)C1CCC2O,"InChI=1S/C19H28O2/c1-18-9-7-13(20)11-12(18)3-4-14-15-5-6-17(21)19(15,2)10-8-16(14)18/h7,9,12,14-17,21H,3-6,8,10-11H2,1-2H3",OKJCFMUGMSVJBG-UHFFFAOYSA-N,1,0.8752,0.9285,0.926603521,1
,DB00624,0,0,-9.292390025,-3.097463342,1,0.201684166,0.050632448,1,3.983298737,,DB00624,,,,,CC12CCC3C(CCC4=CC(=O)CCC43C)C1CCC2O,"InChI=1S/C19H28O2/c1-18-9-7-13(20)11-12(18)3-4-14-15-5-6-17(21)19(15,2)10-8-16(14)18/h11,14-17,21H,3-10H2,1-2H3",MUMGGOZAMZWBJJ-UHFFFAOYSA-N,1,0.8583,0.9264,0.982557179,1
ClC(Cl)C(c1ccccc1Cl)c1ccc(Cl)cc1,53-19-0,-9.612993658,-9.388513819,-9.276436595,-9.425981357,1,0.202004511,0.051299474,1,3.937750167,53-19-0,53-19-0,372,20372,DTXSID9020372,"o,p'-DDD",ClC(Cl)C(c1ccccc1Cl)c1ccc(Cl)cc1,"InChI=1S/C14H10Cl4/c15-10-7-5-9(6-8-10)13(14(17)18)11-3-1-2-4-12(11)16/h1-8,13-14H",JWBOIMRXGHLCPP-UHFFFAOYSA-N,1,0.9055,0.9271,0.358969425,0
ClC(Cl)C(c1ccc(Cl)cc1)c1ccc(Cl)cc1,72-54-8,-9.686578905,-9.337234072,-9.269004622,-9.4309392,1,0.202149252,0.051612094,1,3.916703181,72-54-8,72-54-8,373,20373,DTXSID4020373,"p,p'-DDD",ClC(Cl)C(c1ccc(Cl)cc1)c1ccc(Cl)cc1,"InChI=1S/C14H10Cl4/c15-11-5-1-9(2-6-11)13(14(17)18)10-3-7-12(16)8-4-10/h1-8,13-14H",AHJKRLASYNVKDZ-UHFFFAOYSA-N,1,0.9115,0.9345,0.336667557,0
Oc1ccc(Cl)cc1Cc1ccccc1,120-32-1,-9.101242309,-9.01918641,-9.260934465,-9.127121061,1,0.202303176,0.051952912,1,3.893971838,120-32-1,120-32-1,154,20154,DTXSID5020154,Clorophene,Oc1ccc(Cl)cc1Cc1ccccc1,"InChI=1S/C13H11ClO/c14-12-6-7-13(15)11(9-12)8-10-4-2-1-3-5-10/h1-7,9,15H,8H2",NCKMMSIFQUPKCK-UHFFFAOYSA-N,1,0.8773,0.9007,0.605349394,1
Oc1cc(O)c(cc1)C(=O)c1ccccc1,131-56-6,-9.792507201,-9.858417963,-9.232143295,-9.627689487,1,0.202824674,0.053180274,1,3.813908053,131-56-6,131-56-6,2406,22406,DTXSID8022406,"2,4-Dihydroxybenzophenone",Oc1cc(O)c(cc1)C(=O)c1ccccc1,"InChI=1S/C13H10O3/c14-10-6-7-11(12(15)8-10)13(16)9-4-2-1-3-5-9/h1-8,14-15H",ZXDDPOHVAMWLBH-UHFFFAOYSA-N,1,0.8662,0.882,0.564849167,1
CC(C)(c1cc(Br)c(O)c(Br)c1)c1cc(Br)c(O)c(Br)c1,79-94-7,-9.140385986,-10.03931061,-9.229050437,-9.469582345,1,0.202878118,0.053313184,1,3.805402405,79-94-7,79-94-7,6081,26081,DTXSID1026081,"3,3',5,5'-Tetrabromobisphenol A",CC(C)(c1cc(Br)c(O)c(Br)c1)c1cc(Br)c(O)c(Br)c1,"InChI=1S/C15H12Br4O2/c1-15(2,7-3-9(16)13(20)10(17)4-7)8-5-11(18)14(21)12(19)6-8/h3-6,20-21H,1-2H3",VEORPZCZECFIRK-UHFFFAOYSA-N,1,0.9028,0.9202,0.312029555,0
,612-82-8|119-93-7,0,-9.591722789,-9.22852388,-6.273415556,1,0.202887166,0.053335832,1,3.803956148,612-82-8,612-82-8|119-93-7,511|4059,20511|24059,DTXSID6020511|DTXSID5024059,"3,3'-Dimethylbenzidine dihydrochloride",Cc1cc(ccc1N)-c1cc(C)c(N)cc1,"InChI=1S/C14H16N2/c1-9-7-11(3-5-13(9)15)12-4-6-14(16)10(2)8-12/h3-8H,15-16H2,1-2H3",NUIURNJTPRWVAP-UHFFFAOYSA-N,1,0.9065,0.9127,0.1600685,0
Oc1cc2ccccc2c2ccccc21,484-17-3,-9.682636676,-9.208241178,-9.162878095,-9.351251983,1,0.203900733,0.056205879,1,3.627747442,484-17-3,484-17-3,27592,47592,DTXSID9047592,9-Phenanthrol,Oc1cc2ccccc2c2ccccc21,"InChI=1S/C14H10O/c15-14-9-10-5-1-2-6-11(10)12-7-3-4-8-13(12)14/h1-9,15H",DZKIUEHLEXLYKM-UHFFFAOYSA-N,1,0.8979,0.913,0.307462222,0
c1ccc2c3c(cccc31)-c1ccccc1-2,206-44-0,-9.642713093,-9.893717717,-9.122275927,-9.552902246,1,0.204412976,0.058026807,1,3.522733474,206-44-0,206-44-0,4104,24104,DTXSID3024104,Fluoranthene,c1ccc2c3c(cccc31)-c1ccccc1-2,InChI=1S/C16H10/c1-2-8-13-12(7-1)14-9-3-5-11-6-4-10-15(13)16(11)14/h1-10H,GVEPBJHOBDJJJI-UHFFFAOYSA-N,1,0.9085,0.9221,0.220589289,0
Oc1cc2c(Cc3ccccc-23)cc1,6344-67-8,-9.311313487,-9.531488232,-9.115856667,-9.319552796,1,0.20448588,0.058317872,1,3.506401585,6344-67-8,6344-67-8,27540,47540,DTXSID9047540,3-Hydroxyfluorene,Oc1cc2c(Cc3ccccc-23)cc1,"InChI=1S/C13H10O/c14-11-6-5-10-7-9-3-1-2-4-12(9)13(10)8-11/h1-6,8,14H,7H2",PVUBSZGNXLNTLX-UHFFFAOYSA-N,1,0.8859,0.9129,0.585987223,1
,789-02-6,0,0,-9.108324687,-3.036108229,1,0.204568599,0.05866049,1,3.487331895,789-02-6,789-02-6,2345,22345,DTXSID6022345,"o,p'-DDT",Clc1ccc(cc1)C(c1ccccc1Cl)C(Cl)(Cl)Cl,"InChI=1S/C14H9Cl5/c15-10-7-5-9(6-8-10)13(14(17,18)19)11-3-1-2-4-12(11)16/h1-8,13H",CVUGPAFCQJIYDT-UHFFFAOYSA-N,1,0.901,0.9236,0.394705843,0
,60207-90-1,0,-9.052892021,-9.102726851,-6.051872957,1,0.2046281,0.058915894,1,3.473224019,60207-90-1,60207-90-1,4280,24280,DTXSID8024280,Propiconazole,CCCC1COC(C[n]2c[n]c[n]2)(O1)c1ccc(Cl)cc1Cl,"InChI=1S/C15H17Cl2N3O2/c1-2-3-12-7-21-15(22-12,8-20-10-18-9-19-20)13-5-4-11(16)6-14(13)17/h4-6,9-10,12H,2-3,7-8H2,1H3",STJLVHWMYQXCPB-UHFFFAOYSA-N,1,0.8793,0.9173,0.783770324,1
ClC(Cl)=C(c1ccc(Cl)cc1)c1ccc(Cl)cc1,72-55-9,-9.243420517,-9.563845697,-9.069470422,-9.292245545,1,0.204946762,0.060446661,1,3.390539009,72-55-9,72-55-9,374,20374,DTXSID9020374,"p,p'-DDE",ClC(Cl)=C(c1ccc(Cl)cc1)c1ccc(Cl)cc1,InChI=1S/C14H8Cl4/c15-11-5-1-9(2-6-11)13(14(17)18)10-3-7-12(16)8-4-10/h1-8H,UCNVFOCBFJOQAL-UHFFFAOYSA-N,1,0.9047,0.926,0.343819972,0
,125225-28-7,0,0,-9.029742975,-3.009914325,1,0.205249004,0.062305144,1,3.294254568,125225-28-7,125225-28-7,14674,34674,DTXSID7034674,Ipconazole,CC(C)C1CCC(Cc2ccc(Cl)cc2)C1(O)C[n]1c[n]c[n]1,"InChI=1S/C18H24ClN3O/c1-13(2)17-8-5-15(9-14-3-6-16(19)7-4-14)18(17,23)10-22-12-20-11-21-22/h3-4,6-7,11-13,15,17,23H,5,8-10H2,1-2H3",QTYCMDBMOLSEAM-UHFFFAOYSA-N,1,0.8771,0.9164,0.804744615,1
Cc1c2ccccc2[n]2C(=O)[C@@H](Cc3[n]c[nH]c3C)CCc21,129299-90-7,-10.35845164,-9.783526385,-8.963984006,-9.701987343,1,0.205560749,0.0654516,1,3.14065277,129299-90-7,129299-90-7,28142,48168,DTXSID7048168,Fabesetron hydrochloride,Cc1c2ccccc2[n]2C(=O)[C@@H](Cc3[n]c[nH]c3C)CCc21,"InChI=1S/C18H19N3O/c1-11-14-5-3-4-6-17(14)21-16(11)8-7-13(18(21)22)9-15-12(2)19-10-20-15/h3-6,10,13H,7-9H2,1-2H3,(H,19,20)/t13-/m1/s1",AEKQMJRJRAHOAP-CYBMUJFWSA-N,1,0.8924,0.9137,0.425572819,0
OC(c1ccc(Cl)cc1)(c1ccc(Cl)cc1)C(Cl)(Cl)Cl,115-32-2,-10.55788369,-8.708394313,-8.890160899,-9.385479635,1,0.205629598,0.069085462,1,2.976452513,115-32-2,115-32-2,450,20450,DTXSID4020450,Dicofol,OC(c1ccc(Cl)cc1)(c1ccc(Cl)cc1)C(Cl)(Cl)Cl,"InChI=1S/C14H9Cl5O/c15-11-5-1-9(2-6-11)13(20,14(17,18)19)10-3-7-12(16)8-4-10/h1-8,20H",UOAMTSKGCBMZTC-UHFFFAOYSA-N,1,0.8993,0.9259,0.451253652,0
CC(C)(C)CC(C)(C)c1ccc(O)cc1,140-66-9,-8.270096069,-8.079884336,-8.875630653,-8.40853702,1,0.205608082,0.069813023,1,2.945125022,140-66-9,140-66-9,2360,22360,DTXSID9022360,"4-(1,1,3,3-Tetramethylbutyl)phenol",CC(C)(C)CC(C)(C)c1ccc(O)cc1,"InChI=1S/C14H22O/c1-13(2,3)10-14(4,5)11-6-8-12(15)9-7-11/h6-9,15H,10H2,1-5H3",ISAVYTVYFVQUDY-UHFFFAOYSA-N,1,0.8793,0.898,0.475387131,0
Clc1cc(Cl)c(cc1)C1(CC(Br)CO1)C[n]1c[n]c[n]1,116255-48-2,-8.843124992,-8.676866995,-8.838425153,-8.786139047,1,0.205500441,0.071694022,1,2.866353917,116255-48-2,116255-48-2,12531,32531,DTXSID9032531,Bromuconazole,Clc1cc(Cl)c(cc1)C1(CC(Br)CO1)C[n]1c[n]c[n]1,"InChI=1S/C13H12BrCl2N3O/c14-9-4-13(20-5-9,6-19-8-17-7-18-19)11-2-1-10(15)3-12(11)16/h1-3,7-9H,4-6H2",HJJVPARKXDDIQD-UHFFFAOYSA-N,1,0.8903,0.9339,0.769140812,1
,79983-71-4,0,-8.995588756,-8.832507711,-5.942698822,1,0.20547636,0.071995553,1,2.854014613,79983-71-4,79983-71-4,14653,34653,DTXSID4034653,Hexaconazole,CCCCC(O)(C[n]1c[n]c[n]1)c1ccc(Cl)cc1Cl,"InChI=1S/C14H17Cl2N3O/c1-2-3-6-14(20,8-19-10-17-9-18-19)12-5-4-11(15)7-13(12)16/h4-5,7,9-10,20H,2-3,6,8H2,1H3",STMIIPIFODONDC-UHFFFAOYSA-N,1,0.8753,0.9029,0.64654372,1
Oc1ccccc1Cc1ccccc1O,2467-02-9,-9.47171983,-9.492043419,-8.807601878,-9.257121709,1,0.205354094,0.073271664,1,2.802639942,2467-02-9,2467-02-9,2446,22446,DTXSID4022446,Bisphenol F,Oc1ccccc1Cc1ccccc1O,"InChI=1S/C13H12O2/c14-12-7-3-1-5-10(12)9-11-6-2-4-8-13(11)15/h1-8,14-15H,9H2",MQCPOLNSJCWPGT-UHFFFAOYSA-N,1,0.894,0.9006,0.196954871,0
Oc1cc(Cl)c(cc1)-c1ccccc1,92-04-6,-9.138862114,-9.459213192,-8.791963908,-9.130013071,1,0.205260071,0.074078636,1,2.77084033,92-04-6,92-04-6,2353,22353,DTXSID0022353,2-Chloro-4-phenylphenol,Oc1cc(Cl)c(cc1)-c1ccccc1,"InChI=1S/C12H9ClO/c13-12-8-10(14)6-7-11(12)9-4-2-1-3-5-9/h1-8,14H",MXORDJXBRHNWBE-UHFFFAOYSA-N,1,0.8772,0.9047,0.626610343,1
Oc1ccc(cc1)C(c1ccc(O)cc1)(C(F)(F)F)C(F)(F)F,1478-61-1,-10.57630043,0,-8.790461618,-6.455587349,1,0.205250339,0.074156389,1,2.767803855,1478-61-1,1478-61-1,17717,37717,DTXSID7037717,Bisphenol AF,Oc1ccc(cc1)C(c1ccc(O)cc1)(C(F)(F)F)C(F)(F)F,"InChI=1S/C15H10F6O2/c16-14(17,18)13(15(19,20)21,9-1-5-11(22)6-2-9)10-3-7-12(23)8-4-10/h1-8,22-23H",ZFVMWEVVKGLCIJ-UHFFFAOYSA-N,1,0.8983,0.9258,0.46246925,0
CCCN(CCOc1c(Cl)cc(Cl)cc1Cl)C(=O)[n]1cc[n]c1,67747-09-5,-9.102629432,0,-8.76762059,-5.956750007,1,0.205087275,0.075343478,1,2.722030897,67747-09-5,67747-09-5,4270,24270,DTXSID4024270,Prochloraz,CCCN(CCOc1c(Cl)cc(Cl)cc1Cl)C(=O)[n]1cc[n]c1,"InChI=1S/C15H16Cl3N3O2/c1-2-4-20(15(22)21-5-3-19-10-21)6-7-23-14-12(17)8-11(16)9-13(14)18/h3,5,8-10H,2,4,6-7H2,1H3",TVLSRXXIMLFWEO-UHFFFAOYSA-N,1,0.8841,0.8939,0.289560561,0
CC(C)(O)C(=O)Nc1cc(c(cc1)[N+]([O-])=O)C(F)(F)F,52806-53-8,-8.847919772,-8.858694641,-8.560146446,-8.755586953,1,0.202323535,0.086521963,1,2.338406665,52806-53-8,52806-53-8,13562,33562,DTXSID8033562,Hydroxyflutamide,CC(C)(O)C(=O)Nc1cc(c(cc1)[N+]([O-])=O)C(F)(F)F,"InChI=1S/C11H11F3N2O4/c1-10(2,18)9(17)15-6-3-4-8(16(19)20)7(5-6)11(12,13)14/h3-5,18H,1-2H3,(H,15,17)",YPQLFJODEKMJEF-UHFFFAOYSA-N,1,0.8825,0.9009,0.405951595,0
CC(Oc1cccc2ccccc21)C(=O)N(CC)CC,15299-99-7,-8.104394969,-9.744666157,-8.557281731,-8.802114286,1,0.202269444,0.086680927,1,2.333494243,15299-99-7,15299-99-7,4211,24211,DTXSID5024211,Napropamide,CC(Oc1cccc2ccccc21)C(=O)N(CC)CC,"InChI=1S/C17H21NO2/c1-4-18(5-2)17(19)13(3)20-16-12-8-10-14-9-6-7-11-15(14)16/h6-13H,4-5H2,1-3H3",WXZVAROIGSFCFJ-UHFFFAOYSA-N,1,0.881,0.8762,0.131450254,0
FC(F)C(F)(F)OCC(C[n]1c[n]c[n]1)c1ccc(Cl)cc1Cl,112281-77-3,-8.617200422,-9.747331998,-8.42035132,-8.92829458,1,0.199193526,0.094405911,1,2.109968798,112281-77-3,112281-77-3,14956,34956,DTXSID8034956,Tetraconazole,FC(F)C(F)(F)OCC(C[n]1c[n]c[n]1)c1ccc(Cl)cc1Cl,"InChI=1S/C13H11Cl2F4N3O/c14-9-1-2-10(11(15)3-9)8(4-22-7-20-6-21-22)5-23-13(18,19)12(16)17/h1-3,6-8,12H,4-5H2",LQDARGUHUSPFNL-UHFFFAOYSA-N,1,0.8954,0.9258,0.483322784,0
,83657-24-3,0,-9.064604353,-8.374596998,-5.813067117,1,0.197956248,0.097037252,1,2.04000262,83657-24-3,83657-24-3,20363,40363,DTXSID2040363,Diniconazole,CC(C)(C)C(O)/C(=C\c1ccc(Cl)cc1Cl)/[n]1c[n]c[n]1,"InChI=1S/C15H17Cl2N3O/c1-15(2,3)14(21)13(20-9-18-8-19-20)6-10-4-5-11(16)7-12(10)17/h4-9,14,21H,1-3H3/b13-6+",FBOUIAKEJMZPQG-AWNIVKPZSA-N,1,0.8865,0.9136,0.49149431,0
Oc1ccc(cc1)-c1ccccc1,92-69-3,-8.724469709,-9.02028827,-8.354389199,-8.699715726,1,0.197377287,0.098206434,1,2.00982032,92-69-3,92-69-3,1152,21152,DTXSID7021152,4-Phenylphenol,Oc1ccc(cc1)-c1ccccc1,"InChI=1S/C12H10O/c13-12-8-6-11(7-9-12)10-4-2-1-3-5-10/h1-9,13H",YXVFYQXJAXKLAK-UHFFFAOYSA-N,1,0.8879,0.9053,0.322954855,0
COc1cc(ccc1N)-c1cc(OC)c(N)cc1,20325-40-0|119-90-4,-9.401150284,-9.491505328,-8.351532863,-9.081396158,1,0.197293862,0.098372027,1,2.005589078,20325-40-0,20325-40-0|119-90-4,485|5091,20485|25091,DTXSID1020485|DTXSID3025091,"3,3'-Dimethoxybenzidine dihydrochloride",COc1cc(ccc1N)-c1cc(OC)c(N)cc1,"InChI=1S/C14H16N2O2/c1-17-13-7-9(3-5-11(13)15)10-4-6-12(16)14(8-10)18-2/h3-8H,15-16H2,1-2H3",JRBJSXQPQWSCCF-UHFFFAOYSA-N,1,0.888,0.8935,0.176259541,0
CCCN(CCC)c1c(cc(c(N)c1[N+]([O-])=O)C(F)(F)F)[N+]([O-])=O,29091-21-2,-6.887501889,0,-8.222244929,-5.036582273,1,0.193115618,0.105942833,1,1.822828521,29091-21-2,29091-21-2,14210,34210,DTXSID1034210,Prodiamine,CCCN(CCC)c1c(cc(c(N)c1[N+]([O-])=O)C(F)(F)F)[N+]([O-])=O,"InChI=1S/C13H17F3N4O4/c1-3-5-18(6-4-2)11-9(19(21)22)7-8(13(14,15)16)10(17)12(11)20(23)24/h7H,3-6,17H2,1-2H3",RSVPPPHXAASNOL-UHFFFAOYSA-N,1,0.9044,0.9136,0.130653153,0
CCCCCCc1ccc(O)cc1O,136-77-6,-7.856303579,-7.896609235,-8.159168417,-7.970693744,1,0.190801569,0.109680399,1,1.739614109,136-77-6,136-77-6,699,20699,DTXSID1020699,4-Hexylresorcinol,CCCCCCc1ccc(O)cc1O,"InChI=1S/C12H18O2/c1-2-3-4-5-6-10-7-8-11(13)9-12(10)14/h7-9,13-14H,2-6H2,1H3",WFJIVOKAWHGMBH-UHFFFAOYSA-N,1,0.8695,0.8823,0.356217096,0
CCCCC(COC(=O)c1ccc(O)cc1)CC,5153-25-3,-8.349228946,-7.67841255,-8.144393072,-8.057344856,1,0.190234462,0.110559056,1,1.720659253,5153-25-3,5153-25-3,2525,22525,DTXSID4022525,2-Ethylhexylparaben,CCCCC(COC(=O)c1ccc(O)cc1)CC,"InChI=1S/C15H22O3/c1-3-5-6-12(4-2)11-18-15(17)13-7-9-14(16)10-8-13/h7-10,12,16H,3-6,11H2,1-2H3",VTIMKVIDORQQFA-UHFFFAOYSA-N,1,0.8705,0.8626,0.117200249,0
O=C1C2CC=CCC2C(=O)N1SC(Cl)(Cl)C(Cl)Cl,2425-06-1,-7.737314003,-6.710985084,-8.139412361,-7.529237149,1,0.190041189,0.110855481,1,1.714314769,2425-06-1,2425-06-1,242,20242,DTXSID4020242,Captafol,O=C1C2CC=CCC2C(=O)N1SC(Cl)(Cl)C(Cl)Cl,"InChI=1S/C10H9Cl4NO2S/c11-9(12)10(13,14)18-15-7(16)5-3-1-2-4-6(5)8(15)17/h1-2,5-6,9H,3-4H2",JHRWWRDRBPCWTF-UHFFFAOYSA-N,1,0.9144,0.9373,0.206046137,0
CC1(C)CON(Cc2ccccc2Cl)C1=O,81777-89-1,-8.707319552,-7.022325353,-8.088348657,-7.939331188,1,0.187999491,0.113900397,1,1.650560457,81777-89-1,81777-89-1,12355,32355,DTXSID1032355,Clomazone,CC1(C)CON(Cc2ccccc2Cl)C1=O,"InChI=1S/C12H14ClNO2/c1-12(2)8-16-14(11(12)15)7-9-5-3-4-6-10(9)13/h3-6H,7-8H2,1-2H3",KIEDNEWSYUYDSN-UHFFFAOYSA-N,1,0.8664,0.8942,0.613718864,1
,143-50-0,0,0,-8.047856726,-2.682618909,1,0.186304313,0.116320883,1,1.601641149,143-50-0,143-50-0,770,20770,DTXSID1020770,Kepone,O=C1C2(Cl)C3(Cl)C4(Cl)C2(Cl)C2(Cl)C(Cl)(C3(Cl)C21Cl)C4(Cl)Cl,"InChI=1S/C10Cl10O/c11-2-1(21)3(12)6(15)4(2,13)8(17)5(2,14)7(3,16)9(6,18)10(8,19)20",LHHGDZSESBACKH-UHFFFAOYSA-N,1,0.9369,0.9534,0.072356109,0
,105624-86-0,0,0,-7.985438917,-2.661812972,1,0.183564396,0.120057697,1,1.528968159,105624-86-0,105624-86-0,26970,46970,DTXSID1046970,5HPP-33,CC(C)c1cccc(C(C)C)c1N1C(=O)c2cc(O)ccc2C1=O,"InChI=1S/C20H21NO3/c1-11(2)14-6-5-7-15(12(3)4)18(14)21-19(23)16-9-8-13(22)10-17(16)20(21)24/h5-12,22H,1-4H3",LAKWINYVWJPHQW-UHFFFAOYSA-N,1,0.8842,0.9015,0.294496031,0
Cc1cccc(CC)c1N(COCC)C(=O)CCl,34256-82-1,-8.31861732,0,-7.737061524,-5.351892948,1,0.171289256,0.134860751,1,1.270119395,34256-82-1,34256-82-1,3848,23848,DTXSID8023848,Acetochlor,Cc1cccc(CC)c1N(COCC)C(=O)CCl,"InChI=1S/C14H20ClNO2/c1-4-12-8-6-7-11(3)14(12)16(10-18-5-2)13(17)9-15/h6-8H,4-5,9-10H2,1-3H3",VTNQPKFIQCLBDU-UHFFFAOYSA-N,1,0.8852,0.8857,0.099245092,0
,115-29-7,0,0,-7.72344294,-2.57448098,1,0.170559595,0.135663333,1,1.257226922,115-29-7,115-29-7,560,20560,DTXSID1020560,Endosulfan,O=S1OCC2C(CO1)C1(Cl)C(Cl)=C(Cl)C2(Cl)C1(Cl)Cl,"InChI=1S/C9H6Cl6O3S/c10-5-6(11)8(13)4-2-18-19(16)17-1-3(4)7(5,12)9(8,14)15/h3-4H,1-2H2",RDYMFSUJUZBWLH-UHFFFAOYSA-N,1,0.9241,0.9495,0.144469974,0
O=Nc1ccc(cc1)Nc1ccccc1,156-10-5,-8.548790126,-7.629850798,-7.71683136,-7.965157428,1,0.170203454,0.136052441,1,1.251013604,156-10-5,156-10-5,1031,21031,DTXSID1021031,4-Nitrosodiphenylamine,O=Nc1ccc(cc1)Nc1ccccc1,"InChI=1S/C12H10N2O/c15-14-12-8-6-11(7-9-12)13-10-4-2-1-3-5-10/h1-9,13H",OIJHFHYPXWSVPF-UHFFFAOYSA-N,1,0.9157,0.916,0.039233036,0
,156052-68-5,0,-8.677155937,-7.654249122,-5.443801686,1,0.166773039,0.139716391,1,1.193654073,156052-68-5,156052-68-5,12581,32581,DTXSID9032581,Zoxamide,Cc1c(Cl)cc(cc1Cl)C(=O)NC(C)(CC)C(=O)CCl,"InChI=1S/C14H16Cl3NO2/c1-4-14(3,12(19)7-15)18-13(20)9-5-10(16)8(2)11(17)6-9/h5-6H,4,7H2,1-3H3,(H,18,20)",SOUGWDPPRBKJEX-UHFFFAOYSA-N,1,0.8885,0.8947,0.120494931,0
O=C1C2CC=CCC2C(=O)N1SC(Cl)(Cl)Cl,133-06-2,-8.239536603,-7.083504368,-7.428287322,-7.583776098,1,0.153616142,0.15255043,1,1.006985965,133-06-2,133-06-2,243,20243,DTXSID9020243,Captan,O=C1C2CC=CCC2C(=O)N1SC(Cl)(Cl)Cl,"InChI=1S/C9H8Cl3NO2S/c10-9(11,12)16-13-7(14)5-3-1-2-4-6(5)8(13)15/h1-2,5-6H,3-4H2",LDVVMCZRFWMZSG-UHFFFAOYSA-N,1,0.9132,0.9361,0.140361655,0
,50471-44-8,0,-8.400518012,-7.386411491,-5.262309834,1,0.15106914,0.154840171,0,0.975645656,50471-44-8,50471-44-8,2361,22361,DTXSID4022361,Vinclozolin,CC1(C=C)OC(=O)N(c2cc(Cl)cc(Cl)c2)C1=O,"InChI=1S/C12H9Cl2NO3/c1-3-12(2)10(16)15(11(17)18-12)9-5-7(13)4-8(14)6-9/h3-6H,1H2,2H3",FSCWZHGZWWDELK-UHFFFAOYSA-N,1,0.8865,0.9177,0.391355528,0
CC(C)C(=O)Nc1cc(c(cc1)[N+]([O-])=O)C(F)(F)F,13311-84-7,-8.405614856,-8.708494518,-7.375668395,-8.163259256,1,0.150411254,0.155422241,0,0.967758883,13311-84-7,13311-84-7,11121,32004,DTXSID7032004,Flutamide,CC(C)C(=O)Nc1cc(c(cc1)[N+]([O-])=O)C(F)(F)F,"InChI=1S/C11H11F3N2O3/c1-6(2)10(17)15-7-3-4-9(16(18)19)8(5-7)11(12,13)14/h3-6H,1-2H3,(H,15,17)",MKXKFYHWDHIYRV-UHFFFAOYSA-N,1,0.8881,0.9013,0.153823507,0
OC(=O)C1C(C2CCC1O2)C(O)=O,145-73-3,-7.465131117,-7.942905942,-7.357527211,-7.588521423,1,0.149296428,0.156399974,0,0.954580898,145-73-3,145-73-3,4081,24081,DTXSID7024081,Endothal,OC(=O)C1C(C2CCC1O2)C(O)=O,"InChI=1S/C8H10O5/c9-7(10)5-3-1-2-4(13-3)6(5)8(11)12/h3-6H,1-2H2,(H,9,10)(H,11,12)",GXEKYRXVRROBEV-UHFFFAOYSA-N,1,0.9346,0.9352,0.017429536,0
CC12CC1(C)C(=O)N(c1cc(Cl)cc(Cl)c1)C2=O,32809-16-8,-7.932508957,-7.570827956,-7.249078804,-7.584138572,1,0.142541999,0.16209888,0,0.879352156,32809-16-8,32809-16-8,13923,33923,DTXSID9033923,Procymidone,CC12CC1(C)C(=O)N(c1cc(Cl)cc(Cl)c1)C2=O,"InChI=1S/C13H11Cl2NO2/c1-12-6-13(12,2)11(18)16(10(12)17)9-4-7(14)3-8(15)5-9/h3-5H,6H2,1-2H3",QXJKBPAVAHBARF-UHFFFAOYSA-N,1,0.8818,0.9139,0.418715648,0
CC1(C)NC(=O)N(C1=O)c1cc(c(cc1)[N+]([O-])=O)C(F)(F)F,63612-50-0,-9.759444365,-9.05604484,-7.205820511,-8.673769905,1,0.139811864,0.164296106,0,0.850974909,63612-50-0,63612-50-0,14165,34165,DTXSID3034165,Nilutamide,CC1(C)NC(=O)N(C1=O)c1cc(c(cc1)[N+]([O-])=O)C(F)(F)F,"InChI=1S/C12H10F3N3O4/c1-11(2)9(19)17(10(20)16-11)6-3-4-8(18(21)22)7(5-6)12(13,14)15/h3-5H,1-2H3,(H,16,20)",XWXYUMMDTVBTOU-UHFFFAOYSA-N,1,0.894,0.9222,0.268064244,0
C=CCOC(C[n]1c[n]cc1)c1ccc(Cl)cc1Cl,35554-44-0,-7.142207415,-7.995103815,-7.16728872,-7.43486665,1,0.137366568,0.166213485,0,0.826446592,35554-44-0,35554-44-0,4151,24151,DTXSID8024151,Imazalil,C=CCOC(C[n]1c[n]cc1)c1ccc(Cl)cc1Cl,"InChI=1S/C14H14Cl2N2O/c1-2-7-19-14(9-18-6-5-17-10-18)12-4-3-11(15)8-13(12)16/h2-6,8,10,14H,1,7,9H2",PZBPKYOVPCNPJY-UHFFFAOYSA-N,1,0.9053,0.9263,0.133558712,0
,112-63-0,0,0,-7.090250104,-2.363416701,1,0.132448292,0.169927011,0,0.779442248,112-63-0,112-63-0,843,20843,DTXSID7020843,Methyl linoleate,CCCCC/C=C\C/C=C\CCCCCCCC(=O)OC,"InChI=1S/C19H34O2/c1-3-4-5-6-7-8-9-10-11-12-13-14-15-16-17-18-19(20)21-2/h7-8,10-11H,3-6,9,12-18H2,1-2H3/b8-7-,11-10-",WTTJVINHCBCLGX-NQLNTKRDSA-N,1,0.921,0.8953,0.003895558,0
Cc1cc(ccc1SC)OP(=S)(OC)OC,55-38-9,-7.020208546,-6.924075184,-7.077696101,-7.00732661,1,0.131644006,0.170516234,0,0.7720321,55-38-9,55-38-9,620,20620,DTXSID8020620,Fenthion,Cc1cc(ccc1SC)OP(=S)(OC)OC,"InChI=1S/C10H15O3PS2/c1-8-7-9(5-6-10(8)16-4)13-14(15,11-2)12-3/h5-7H,1-4H3",PNVJTZOFSHSLTO-UHFFFAOYSA-N,1,0.9033,0.9177,0.090500629,0
CCC(=O)Nc1cc(Cl)c(Cl)cc1,709-98-8,-7.896478891,-7.819121258,-6.823582132,-7.51306076,1,0.115331149,0.181364838,0,0.635906883,709-98-8,709-98-8,2111,22111,DTXSID8022111,Propanil,CCC(=O)Nc1cc(Cl)c(Cl)cc1,"InChI=1S/C9H9Cl2NO/c1-2-9(13)12-6-3-4-7(10)8(11)5-6/h3-5H,2H2,1H3,(H,12,13)",LFULEKSKNZEWOE-UHFFFAOYSA-N,1,0.8686,0.875,0.129908761,0
[O-][N+](=O)c1ccc(cc1)Oc1ccc(Cl)cc1Cl,1836-75-5,-7.911370871,-7.805911706,-6.817374023,-7.5115522,1,0.114934322,0.181602013,0,0.632891236,1836-75-5,1836-75-5,970,20970,DTXSID7020970,Nitrofen,[O-][N+](=O)c1ccc(cc1)Oc1ccc(Cl)cc1Cl,InChI=1S/C12H7Cl2NO3/c13-8-1-6-12(11(14)7-8)18-10-4-2-9(3-5-10)15(16)17/h1-7H,XITQUSLLOSKDTB-UHFFFAOYSA-N,1,0.8873,0.912,0.218988896,0
CON(C)C(=O)Nc1cc(Cl)c(Cl)cc1,330-55-2,-7.56957231,-7.28268423,-6.682143396,-7.178133312,1,0.106350561,0.186404251,0,0.570537206,330-55-2,330-55-2,4163,24163,DTXSID2024163,Linuron,CON(C)C(=O)Nc1cc(Cl)c(Cl)cc1,"InChI=1S/C9H10Cl2N2O2/c1-13(15-2)9(14)12-6-3-4-7(10)8(11)5-6/h3-5H,1-2H3,(H,12,14)",XKJMBINCVNINCA-UHFFFAOYSA-N,1,0.8792,0.8889,0.109675266,0
CSC(=O)c1cccc2[n][n][s]c12,135158-54-2,-6.929146733,-7.084363448,-6.441042279,-6.818184153,1,0.091496324,0.193102706,0,0.473822067,135158-54-2,135158-54-2,12519,32519,DTXSID1032519,Acibenzolar-S-methyl,CSC(=O)c1cccc2[n][n][s]c12,"InChI=1S/C8H6N2OS2/c1-12-8(11)5-3-2-4-6-7(5)13-10-9-6/h2-4H,1H3",UELITFHSCLAHKR-UHFFFAOYSA-N,1,0.8994,0.8999,0.030355178,0
COP(=S)(OC)SCN1N=Nc2ccccc2C1=O,86-50-0,-6.088182158,-6.81952946,-6.43414532,-6.447285646,1,0.091082711,0.193256911,0,0.47130377,86-50-0,86-50-0,122,20122,DTXSID3020122,Azinphos-methyl,COP(=S)(OC)SCN1N=Nc2ccccc2C1=O,"InChI=1S/C10H12N3O3PS2/c1-15-17(18,16-2)19-7-13-10(14)8-5-3-4-6-9(8)11-12-13/h3-6H,7H2,1-2H3",CJJOSEISRRTUQB-UHFFFAOYSA-N,1,0.8928,0.9021,0.064830389,0
O=C1NSc2ccccc21,2634-33-5,-6.674115369,-6.895560705,-6.363204134,-6.644293403,1,0.086871612,0.194717085,0,0.44614273,2634-33-5,2634-33-5,12523,32523,DTXSID5032523,"1,2-Benzisothiazolin-3-one",O=C1NSc2ccccc21,"InChI=1S/C7H5NOS/c9-7-5-3-1-2-4-6(5)10-8-7/h1-4H,(H,8,9)",DMSMPAJRVJJAGA-UHFFFAOYSA-N,1,0.9076,0.9183,0.04426796,0
CC(=Cc1ccccc1)[N+]([O-])=O,705-60-2,-6.397957099,-6.413505882,-6.163266076,-6.324909686,1,0.075476712,0.19756337,0,0.382037988,705-60-2,705-60-2,196505,41188,DTXSID1041188,(2-Nitro-1-propenyl)benzene,CC(=Cc1ccccc1)[N+]([O-])=O,"InChI=1S/C9H9NO2/c1-8(10(11)12)7-9-5-3-2-4-6-9/h2-7H,1H3",WGSVFWFSJDAYBM-UHFFFAOYSA-N,1,0.8927,0.8915,0.030281286,0
Cc1ccccc1N=Nc1cc(C)c(N)cc1,97-56-3,-9.477814107,-4.285495712,-6.141272287,-6.634860702,1,0.074270103,0.1977595,0,0.375557702,97-56-3,97-56-3,69,20069,DTXSID1020069,2-Amino-5-azotoluene,Cc1ccccc1N=Nc1cc(C)c(N)cc1,"InChI=1S/C14H15N3/c1-10-5-3-4-6-14(10)17-16-12-7-8-13(15)11(2)9-12/h3-9H,15H2,1-2H3/b17-16+",PFRYFZZSECNQOL-WUKNDPDISA-N,1,0.912,0.9146,0.021271278,0
OCNC(=O)N(CO)C1C(=O)N(CO)C(=O)N1CO,78491-02-8,-5.918314452,-5.150282589,-6.132444602,-5.733680548,1,0.073788579,0.197831614,0,0.372986794,78491-02-8,78491-02-8,9559,29559,DTXSID0029559,Diazolidinyl urea,OCNC(=O)N(CO)C1C(=O)N(CO)C(=O)N1CO,"InChI=1S/C8H14N4O7/c13-1-9-7(18)10(2-14)5-6(17)12(4-16)8(19)11(5)3-15/h5,13-16H,1-4H2,(H,9,18)",SOROIESOUPGGFO-UHFFFAOYSA-N,1,0.9038,0.9106,0.03588695,0
N#CCCC(Br)(CBr)C#N,35691-65-7,-6.137826754,-6.130880026,-5.927993351,-6.06556671,1,0.063102772,0.198435407,0,0.318001575,35691-65-7,35691-65-7,4944,24944,DTXSID3024944,"1,2-Dibromo-2,4-dicyanobutane",N#CCCC(Br)(CBr)C#N,"InChI=1S/C6H6Br2N2/c7-4-6(8,5-10)2-1-3-9/h1-2,4H2",DHVLDKHFGIVEIP-UHFFFAOYSA-N,1,0.964,0.9732,0.006173484,0
Cc1cc(ccc1[N+]([O-])=O)OP(=S)(OC)OC,122-14-5,-6.05188518,-6.213736283,-5.522775318,-5.929465594,1,0.044785506,0.193626091,0,0.231298921,122-14-5,122-14-5,12613,32613,DTXSID4032613,Fenitrothion,Cc1cc(ccc1[N+]([O-])=O)OP(=S)(OC)OC,"InChI=1S/C9H12NO5PS/c1-7-6-8(4-5-9(7)10(11)12)15-16(17,13-2)14-3/h4-6H,1-3H3",ZNOLGFHPUIJIMJ-UHFFFAOYSA-N,1,0.8915,0.9074,0.08541086,0
O=C1SSC(Cl)=C1Cl,1192-52-5,-5.425348536,-5.611227195,-5.174715941,-5.40376389,1,0.032218415,0.183535322,0,0.175543405,1192-52-5,1192-52-5,12518,32518,DTXSID6032518,"4,5-Dichloro-3H-1,2-dithiol-3-one",O=C1SSC(Cl)=C1Cl,InChI=1S/C3Cl2OS2/c4-1-2(5)7-8-3(1)6,QGSRKGWCQSATCL-UHFFFAOYSA-N,1,0.9339,0.9476,0.021377713,0
CCOP(=S)(Oc1ccc(cc1)[N+]([O-])=O)OCC,56-38-2,-5.216273612,-5.140787565,-4.888637178,-5.081899451,1,0.023992447,0.171737066,0,0.139704535,56-38-2,56-38-2,1100,21100,DTXSID7021100,Parathion,CCOP(=S)(Oc1ccc(cc1)[N+]([O-])=O)OCC,"InChI=1S/C10H14NO5PS/c1-3-14-17(18,15-4-2)16-10-7-5-9(6-8-10)11(12)13/h5-8H,3-4H2,1-2H3",LCCNCVORNKJIRZ-UHFFFAOYSA-N,1,0.8798,0.8843,0.065270691,0
COP(=S)(Oc1ccc(cc1)[N+]([O-])=O)OC,298-00-0,-4.789693155,-4.70685682,-4.830096349,-4.775548775,1,0.022527428,0.168995419,0,0.133302005,298-00-0,298-00-0,855,20855,DTXSID1020855,Methyl parathion,COP(=S)(Oc1ccc(cc1)[N+]([O-])=O)OC,"InChI=1S/C8H10NO5PS/c1-12-15(16,13-2)14-8-5-3-7(4-6-8)9(10)11/h3-6H,1-2H3",RLBIQVVOMOPOHC-UHFFFAOYSA-N,1,0.8933,0.9068,0.078070989,0
[O-][N+](=O)c1cc(ccc1Cl)[N+]([O-])=O,97-00-7,-5.115369109,-4.550724693,-4.797986987,-4.821360263,1,0.021753805,0.167449939,0,0.129912291,97-00-7,97-00-7,278,20278,DTXSID6020278,"1-Chloro-2,4-dinitrobenzene",[O-][N+](=O)c1cc(ccc1Cl)[N+]([O-])=O,InChI=1S/C6H3ClN2O4/c7-5-2-1-4(8(10)11)3-6(5)9(12)13/h1-3H,VYZAHLCBVHPDDF-UHFFFAOYSA-N,1,0.8941,0.9088,0.082878582,0
CCCCNC(=O)OCC#CI,55406-53-6,-4.666318784,0,-4.144683034,-2.937000606,1,0.010067412,0.131412728,0,0.07660911,55406-53-6,55406-53-6,8038,28038,DTXSID0028038,3-Iodo-2-propynyl-N-butylcarbamate,CCCCNC(=O)OCC#CI,"InChI=1S/C8H12INO2/c1-2-3-6-10-8(11)12-7-4-5-9/h2-3,6-7H2,1H3,(H,10,11)",WYVVKGNFXHOCQV-UHFFFAOYSA-N,1,0.9299,0.9092,0.003505372,0
N#CSCSC#N,6317-18-6,-1.793784626,0,-2.007830084,-1.267204903,1,0.00036681,0.028440395,0,0.012897501,6317-18-6,6317-18-6,5599,25599,DTXSID8025599,Methylene bis(thiocyanate),N#CSCSC#N,InChI=1S/C3H2N2S2/c4-1-6-3-7-2-5/h3H2,JWZXKXIUSSIAMR-UHFFFAOYSA-N,1,0.9723,0.9738,0.009085419,0
,2321-07-5,0,0,0,0,1,5.40354E-06,0.00241039,0,0.002241769,2321-07-5,2321-07-5,18887,38887,DTXSID0038887,Fluorescein,Oc1cc2Oc3cc(O)ccc3C3(OC(=O)c4ccccc34)c2cc1,"InChI=1S/C20H12O5/c21-11-5-7-15-17(9-11)24-18-10-12(22)6-8-16(18)20(15)14-4-2-1-3-13(14)19(23)25-20/h1-10,21-22H",GNBHRKFJIUUOQI-UHFFFAOYSA-N,1,0.8862,0.9168,0.541619513,1
,4574-04-3,0,0,0,0,1,5.40354E-06,0.00241039,0,0.002241769,4574-04-3,4574-04-3,21289,41289,DTXSID9041289,"Myristyltrimethylammonium chlorideN,N,N-Trimethyltetradecan-1-aminium chloride",CCCCCCCCCCCCCC[N+](C)(C)C,"InChI=1S/C17H38N/c1-5-6-7-8-9-10-11-12-13-14-15-16-17-18(2,3)4/h5-17H2,1-4H3/q+1",GLFDLEXFOHUASB-UHFFFAOYSA-N,1,0.9373,0.9282,0.016183966,0
,10453-86-8,0,0,0,0,1,5.40354E-06,0.00241039,0,0.002241769,10453-86-8,10453-86-8,2253,22253,DTXSID7022253,Resmethrin,CC(C)=CC1C(C(=O)OCc2coc(Cc3ccccc3)c2)C1(C)C,"InChI=1S/C22H26O3/c1-15(2)10-19-20(22(19,3)4)21(23)25-14-17-12-18(24-13-17)11-16-8-6-5-7-9-16/h5-10,12-13,19-20H,11,14H2,1-4H3",VEMKTZHHVJILDY-UHFFFAOYSA-N,1,0.8845,0.893,0.221142416,0
CN1CCC(CC1)NC(=O)c1ccc(Nc2[n]c3c(c[n]2)N(C)C(=O)C(F)(F)CN3C2CCCC2)c(c1)OC,1062243-51-9,-2.473344032,0,0,-0.824448011,1,5.40354E-06,0.00241039,0,0.002241769,1062243-51-9,1062243-51-9,28485,48511,DTXSID4048511,PharmaGSID_48511,CN1CCC(CC1)NC(=O)c1ccc(Nc2[n]c3c(c[n]2)N(C)C(=O)C(F)(F)CN3C2CCCC2)c(c1)OC,"InChI=1S/C27H35F2N7O3/c1-34-12-10-18(11-13-34)31-24(37)17-8-9-20(22(14-17)39-3)32-26-30-15-21-23(33-26)36(19-6-4-5-7-19)16-27(28,29)25(38)35(21)2/h8-9,14-15,18-19H,4-7,10-13,16H2,1-3H3,(H,31,37)(H,30,32,33)",DJNZZLZKAXGMMC-UHFFFAOYSA-N,1,0.8971,0.9193,0.322938883,0
,110488-70-5,0,0,0,0,1,5.40354E-06,0.00241039,0,0.002241769,110488-70-5,110488-70-5,14545,34545,DTXSID7034545,Dimethomorph,COc1ccc(cc1OC)C(=CC(=O)N1CCOCC1)c1ccc(Cl)cc1,"InChI=1S/C21H22ClNO4/c1-25-19-8-5-16(13-20(19)26-2)18(15-3-6-17(22)7-4-15)14-21(24)23-9-11-27-12-10-23/h3-8,13-14H,9-12H2,1-2H3",QNBTYORWCCMPQP-UHFFFAOYSA-N,1,0.8815,0.9015,0.402712196,0
,112-00-5,0,0,0,0,1,5.40354E-06,0.00241039,0,0.002241769,112-00-5,112-00-5,6900,26900,DTXSID1026900,Dodecyltrimethylammonium chloride,CCCCCCCCCCCC[N+](C)(C)C,"InChI=1S/C15H34N/c1-5-6-7-8-9-10-11-12-13-14-15-16(2,3)4/h5-15H2,1-4H3/q+1",VICYBMUVWHJEFT-UHFFFAOYSA-N,1,0.9373,0.9282,0.016183966,0
,114369-43-6,0,0,0,0,1,5.40354E-06,0.00241039,0,0.002241769,114369-43-6,114369-43-6,12548,32548,DTXSID8032548,Fenbuconazole,N#CC(C[n]1c[n]c[n]1)(CCc1ccc(Cl)cc1)c1ccccc1,"InChI=1S/C19H17ClN4/c20-18-8-6-16(7-9-18)10-11-19(12-21,13-24-15-22-14-23-24)17-4-2-1-3-5-17/h1-9,14-15H,10-11,13H2",RQDJADAKIFFEKQ-UHFFFAOYSA-N,1,0.8989,0.9277,0.412087303,0
,115-39-9,0,0,0,0,1,5.40354E-06,0.00241039,0,0.002241769,115-39-9,115-39-9,21682,41682,DTXSID6041682,Bromophenol blue,Oc1c(Br)cc(cc1Br)C1(OS(=O)(=O)c2ccccc12)c1cc(Br)c(O)c(Br)c1,"InChI=1S/C19H10Br4O5S/c20-12-5-9(6-13(21)17(12)24)19(10-7-14(22)18(25)15(23)8-10)11-3-1-2-4-16(11)29(26,27)28-19/h1-8,24-25H",UDSAIICHUKSCKT-UHFFFAOYSA-N,1,0.8997,0.9189,0.264367032,0
CC(C)(C)c1cc(C)cc(Cc2cc(C)cc(c2O)C(C)(C)C)c1O,119-47-1,-9.577489,0,0,-3.192496333,1,5.40354E-06,0.00241039,0,0.002241769,119-47-1,119-47-1,870,20870,DTXSID4020870,"2,2'-Methylenebis(4-methyl-6-tert-butylphenol)",CC(C)(C)c1cc(C)cc(Cc2cc(C)cc(c2O)C(C)(C)C)c1O,"InChI=1S/C23H32O2/c1-14-9-16(20(24)18(11-14)22(3,4)5)13-17-10-15(2)12-19(21(17)25)23(6,7)8/h9-12,24-25H,13H2,1-8H3",KGRVJHAUYBGFFP-UHFFFAOYSA-N,1,0.8971,0.9112,0.217105326,0
,124-94-7,0,0,0,0,1,5.40354E-06,0.00241039,0,0.002241769,124-94-7,124-94-7,20742,40742,DTXSID1040742,Triamcinolone,C[C@]12C=CC(=O)C=C1CC[C@H]1[C@@H]3C[C@@H](O)[C@](O)(C(=O)CO)[C@@]3(C)C[C@H](O)[C@]21F,"InChI=1S/C21H27FO6/c1-18-6-5-12(24)7-11(18)3-4-13-14-8-15(25)21(28,17(27)10-23)19(14,2)9-16(26)20(13,18)22/h5-7,13-16,23,25-26,28H,3-4,8-10H2,1-2H3/t13-,14-,15+,16-,18-,19-,20-,21-/m0/s1",GFNANZIMVAIWHM-OBYCQNJPSA-N,1,0.8754,0.9163,0.768181984,1
,125116-23-6,0,0,0,0,1,5.40354E-06,0.00241039,0,0.002241769,125116-23-6,125116-23-6,14497,34497,DTXSID4034497,Metconazole,CC1(C)CCC(Cc2ccc(Cl)cc2)C1(O)C[n]1c[n]c[n]1,"InChI=1S/C17H22ClN3O/c1-16(2)8-7-14(9-13-3-5-15(18)6-4-13)17(16,22)10-21-12-19-11-20-21/h3-6,11-12,14,22H,7-10H2,1-2H3",XWPZUHJBOLQNMN-UHFFFAOYSA-N,1,0.8681,0.9167,0.874846136,1
,126-72-7,0,0,0,0,1,5.40354E-06,0.00241039,0,0.002241769,126-72-7,126-72-7,1413,21413,DTXSID5021413,"Tris(2,3-dibromopropyl) phosphate",O=P(OCC(Br)CBr)(OCC(Br)CBr)OCC(Br)CBr,"InChI=1S/C9H15Br6O4P/c10-1-7(13)4-17-20(16,18-5-8(14)2-11)19-6-9(15)3-12/h7-9H,1-6H2",PQYJRMFWJJONBO-UHFFFAOYSA-N,1,0.9491,0.9388,0.010343627,0
,129453-61-8,0,0,0,0,1,5.40354E-06,0.00241039,0,0.002241769,129453-61-8,129453-61-8,2369,22369,DTXSID4022369,Fulvestrant,C[C@]12CC[C@H]3[C@H]([C@@H]1CC[C@@H]2O)[C@@H](Cc1cc(O)ccc13)CCCCCCCCCS(=O)CCCC(F)(F)C(F)(F)F,"InChI=1S/C32H47F5O3S/c1-30-17-15-26-25-12-11-24(38)21-23(25)20-22(29(26)27(30)13-14-28(30)39)10-7-5-3-2-4-6-8-18-41(40)19-9-16-31(33,34)32(35,36)37/h11-12,21-22,26-29,38-39H,2-10,13-20H2,1H3/t22-,26-,27+,28+,29-,30+,41?/m1/s1",VWUXBMIQPBEWFH-WCCTWKNTSA-N,1,0.8784,0.9241,0.806052149,1
CC1(C)CCC(=Cc2ccc(Cl)cc2)C1(O)C[n]1c[n]c[n]1,131983-72-7,-9.259969578,-9.754071466,0,-6.338013682,1,5.40354E-06,0.00241039,0,0.002241769,131983-72-7,131983-72-7,12655,32655,DTXSID0032655,Triticonazole,CC1(C)CCC(=Cc2ccc(Cl)cc2)C1(O)C[n]1c[n]c[n]1,"InChI=1S/C17H20ClN3O/c1-16(2)8-7-14(9-13-3-5-15(18)6-4-13)17(16,22)10-21-12-19-11-20-21/h3-6,9,11-12,22H,7-8,10H2,1-2H3",PPDBOQMNKNNODG-UHFFFAOYSA-N,1,0.8778,0.9208,0.779501609,1
,13674-87-8,0,0,0,0,1,5.40354E-06,0.00241039,0,0.002241769,13674-87-8,13674-87-8,6261,26261,DTXSID9026261,TDCPP,O=P(OC(CCl)CCl)(OC(CCl)CCl)OC(CCl)CCl,"InChI=1S/C9H15Cl6O4P/c10-1-7(2-11)17-20(16,18-8(3-12)4-13)19-9(5-14)6-15/h7-9H,1-6H2",ASLWPAWFJZFCKF-UHFFFAOYSA-N,1,0.9529,0.9451,0.01083803,0
,139340-56-0,0,0,0,0,1,5.40354E-06,0.00241039,0,0.002241769,139340-56-0,139340-56-0,27246,47246,DTXSID0047246,Darbufelone mesylate,CC(C)(C)c1cc(/C=C2\SC(=N)NC\2=O)cc(c1O)C(C)(C)C,"InChI=1S/C18H24N2O2S/c1-17(2,3)11-7-10(8-12(14(11)21)18(4,5)6)9-13-15(22)20-16(19)23-13/h7-9,21H,1-6H3,(H2,19,20,22)/b13-9-",AKTXOQVMWSFEBQ-LCYFTJDESA-N,1,0.9044,0.9225,0.223445595,0
,1401-55-4,0,0,0,0,1,5.40354E-06,0.00241039,0,0.002241769,1401-55-4,1401-55-4,6076,26076,DTXSID2026076,Tannic acid,Oc1c(cc(cc1O)C(=O)OC[C@H]1O[C@@H](OC(=O)c2cc(O)c(O)c(c2)OC(=O)c2cc(O)c(O)c(O)c2)[C@H](OC(=O)c2cc(O)c(O)c(c2)OC(=O)c2cc(O)c(O)c(O)c2)[C@@H](OC(=O)c2cc(O)c(O)c(c2)OC(=O)c2cc(O)c(O)c(O)c2)[C@@H]1OC(=O)c1cc(O)c(O)c(c1)OC(=O)c1cc(O)c(O)c(O)c1)OC(=O)c1cc(O)c(O)c(O)c1,"InChI=1S/C76H52O46/c77-32-1-22(2-33(78)53(32)92)67(103)113-47-16-27(11-42(87)58(47)97)66(102)112-21-52-63(119-72(108)28-12-43(88)59(98)48(17-28)114-68(104)23-3-34(79)54(93)35(80)4-23)64(120-73(109)29-13-44(89)60(99)49(18-29)115-69(105)24-5-36(81)55(94)37(82)6-24)65(121-74(110)30-14-45(90)61(100)50(19-30)116-70(106)25-7-38(83)56(95)39(84)8-25)76(118-52)122-75(111)31-15-46(91)62(101)51(20-31)117-71(107)26-9-40(85)57(96)41(86)10-26/h1-20,52,63-65,76-101H,21H2/t52-,63-,64+,65-,76+/m1/s1",LRBQNJMCXXYXIU-PPKXGCFTSA-N,1,0.9032,0.9134,0.149736387,0
,145742-28-5,0,0,0,0,1,5.40354E-06,0.00241039,0,0.002241769,145742-28-5,145742-28-5,27251,47251,DTXSID9047251,CP-122721,COc1ccc(cc1CN[C@H]1CCCN[C@H]1c1ccccc1)OC(F)(F)F,"InChI=1S/C20H23F3N2O2/c1-26-18-10-9-16(27-20(21,22)23)12-15(18)13-25-17-8-5-11-24-19(17)14-6-3-2-4-7-14/h2-4,6-7,9-10,12,17,19,24-25H,5,8,11,13H2,1H3/t17-,19-/m0/s1",ZIWFCOIGUNPHPM-HKUYNNGSSA-N,1,0.8831,0.9082,0.474191723,0
COCN(C(=O)CCl)c1c(CC)cccc1CC,15972-60-8,-7.161733674,0,0,-2.387244558,1,5.40354E-06,0.00241039,0,0.002241769,15972-60-8,15972-60-8,2265,22265,DTXSID1022265,Alachlor,COCN(C(=O)CCl)c1c(CC)cccc1CC,"InChI=1S/C14H20ClNO2/c1-4-11-7-6-8-12(5-2)14(11)16(10-18-3)13(17)9-15/h6-8H,4-5,9-10H2,1-3H3",XCSGPAVHZFQHGE-UHFFFAOYSA-N,1,0.8768,0.8778,0.179812116,0
,17372-87-1,0,0,0,0,1,5.40354E-06,0.00241039,0,0.002241769,17372-87-1,17372-87-1,5234,25234,DTXSID0025234,Eosin,OC(=O)c1ccccc1C1c2cc(Br)c(O)c(Br)c2OC2C=1C=C(Br)C(=O)C=2Br,"InChI=1S/C20H8Br4O5/c21-11-5-9-13(7-3-1-2-4-8(7)20(27)28)10-6-12(22)17(26)15(24)19(10)29-18(9)14(23)16(11)25/h1-6,25H,(H,27,28)",AZXGXVQWEUFULR-UHFFFAOYSA-N,1,0.8932,0.91,0.27319174,0
,180084-01-9,0,0,0,0,1,5.40354E-06,0.00241039,0,0.002241769,180084-01-9,180084-01-9,27320,47320,DTXSID5047320,SB236057A,CCN1CCC2(COc3cc4CCN(C(=O)c5ccc(cc5)-c5ccc(cc5C)-c5[n][n]c(C)o5)c4cc23)CC1,"InChI=1S/C33H34N4O3/c1-4-36-15-12-33(13-16-36)20-39-30-18-25-11-14-37(29(25)19-28(30)33)32(38)24-7-5-23(6-8-24)27-10-9-26(17-21(27)2)31-35-34-22(3)40-31/h5-10,17-19H,4,11-16,20H2,1-3H3",WXAKEEQOWUHGCI-UHFFFAOYSA-N,1,0.8944,0.9202,0.397984665,0
,18924-66-8,0,0,0,0,1,5.40354E-06,0.00241039,0,0.002241769,18924-66-8,18924-66-8,24865,44865,DTXSID5044865,"2,2'-(Tetradecylimino)diethanol",CCCCCCCCCCCCCCN(CCO)CCO,"InChI=1S/C18H39NO2/c1-2-3-4-5-6-7-8-9-10-11-12-13-14-19(15-17-20)16-18-21/h20-21H,2-18H2,1H3",CPHJEACXPATRSU-UHFFFAOYSA-N,1,0.934,0.9177,0.011150026,0
,196808-45-4,0,0,0,0,1,5.40354E-06,0.00241039,0,0.002241769,196808-45-4,196808-45-4,27310,47310,DTXSID1047310,Farglitazar,Cc1oc([n]c1CCOc1ccc(C[C@H](Nc2ccccc2C(=O)c2ccccc2)C(O)=O)cc1)-c1ccccc1,"InChI=1S/C34H30N2O5/c1-23-29(36-33(41-23)26-12-6-3-7-13-26)20-21-40-27-18-16-24(17-19-27)22-31(34(38)39)35-30-15-9-8-14-28(30)32(37)25-10-4-2-5-11-25/h2-19,31,35H,20-22H2,1H3,(H,38,39)/t31-/m0/s1",ZZCHHVUQYRMYLW-HKBQPEDESA-N,1,0.8877,0.8962,0.204202087,0
,19774-82-4,0,0,0,0,1,5.40354E-06,0.00241039,0,0.002241769,19774-82-4,19774-82-4,17185,37185,DTXSID7037185,Amiodarone hydrochloride,CCCCc1oc2ccccc2c1C(=O)c1cc(I)c(OCCN(CC)CC)c(I)c1,"InChI=1S/C25H29I2NO3/c1-4-7-11-22-23(18-10-8-9-12-21(18)31-22)24(29)17-15-19(26)25(20(27)16-17)30-14-13-28(5-2)6-3/h8-10,12,15-16H,4-7,11,13-14H2,1-3H3",IYIKLHRQXLHMJQ-UHFFFAOYSA-N,1,0.887,0.8913,0.165301972,0
,221246-12-4,0,0,0,0,1,5.40354E-06,0.00241039,0,0.002241769,221246-12-4,221246-12-4,27249,47249,DTXSID5047249,Fandosentan potassium salt,CCc1cc(cc2OCOc12)C1=C(C(O)=O)N(c2ccccc2C(F)(F)F)S(=O)(=O)c2ccccc21,"InChI=1S/C25H18F3NO6S/c1-2-14-11-15(12-19-23(14)35-13-34-19)21-16-7-3-6-10-20(16)36(32,33)29(22(21)24(30)31)18-9-5-4-8-17(18)25(26,27)28/h3-12H,2,13H2,1H3,(H,30,31)",YMGQBWRXNCAABF-UHFFFAOYSA-N,1,0.8894,0.9068,0.306161662,0
,221671-62-1,0,0,0,0,1,5.40354E-06,0.00241039,0,0.002241769,221671-62-1,221671-62-1,27369,47369,DTXSID6047369,SR146131,Cc1cc2cc(C(=O)Nc3[n]c(-c4cc(OC)c(Cl)cc4OC)c(CCC4CCCCC4)[s]3)[n](CC(O)=O)c2c(C)c1,"InChI=1S/C32H36ClN3O5S/c1-18-12-19(2)30-21(13-18)14-24(36(30)17-28(37)38)31(39)35-32-34-29(22-15-26(41-4)23(33)16-25(22)40-3)27(42-32)11-10-20-8-6-5-7-9-20/h12-16,20H,5-11,17H2,1-4H3,(H,37,38)(H,34,35,39)",NFDFTMICKVDYLQ-UHFFFAOYSA-N,1,0.8973,0.9153,0.263505839,0
,22260-51-1,0,0,0,0,1,5.40354E-06,0.00241039,0,0.002241769,22260-51-1,22260-51-1,197,20197,DTXSID6020197,Bromocriptine mesylate,CN1C[C@@H](C=C2[C@H]1Cc1c(Br)[nH]c3cccc2c13)C(=O)N[C@@]1(O[C@@]2(O)[C@@H]3CCCN3C(=O)[C@H](CC(C)C)N2C1=O)C(C)C,"InChI=1S/C32H40BrN5O5/c1-16(2)12-24-29(40)37-11-7-10-25(37)32(42)38(24)30(41)31(43-32,17(3)4)35-28(39)18-13-20-19-8-6-9-22-26(19)21(27(33)34-22)14-23(20)36(5)15-18/h6,8-9,13,16-18,23-25,34,42H,7,10-12,14-15H2,1-5H3,(H,35,39)/t18-,23-,24+,25+,31-,32+/m1/s1",OZVBMTJYIDMWIL-AYFBDAFISA-N,1,0.9046,0.9263,0.266785215,0
CC(C)=CC1C(C(=O)OC2CC(=O)C(CC#C)=C2C)C1(C)C,23031-36-9,-8.88130763,0,0,-2.960435877,1,5.40354E-06,0.00241039,0,0.002241769,23031-36-9,23031-36-9,196509,32572,DTXSID0032572,Prallethrin,CC(C)=CC1C(C(=O)OC2CC(=O)C(CC#C)=C2C)C1(C)C,"InChI=1S/C19H24O3/c1-7-8-13-12(4)16(10-15(13)20)22-18(21)17-14(9-11(2)3)19(17,5)6/h1,9,14,16-17H,8,10H2,2-6H3",SMKRKQBMYOFFMU-UHFFFAOYSA-N,1,0.9065,0.92,0.165190681,0
,2353-45-9,0,0,0,0,1,5.40354E-06,0.00241039,0,0.002241769,2353-45-9,2353-45-9,673,20673,DTXSID3020673,FD&C Green No. 3,"CC[N+](Cc1cc(ccc1)S(O)(=O)=O)=C1C=CC(C=C1)=C(c1ccc(O)cc1S(O)(=O)=O)c1ccc(cc1)N(Cc1cc(ccc1)S(O)(=O)=O)CC |c:14,16,19,t:21|","InChI=1S/C37H36N2O10S3/c1-3-38(24-26-7-5-9-33(21-26)50(41,42)43)30-15-11-28(12-16-30)37(35-20-19-32(40)23-36(35)52(47,48)49)29-13-17-31(18-14-29)39(4-2)25-27-8-6-10-34(22-27)51(44,45)46/h5-23H,3-4,24-25H2,1-2H3,(H3,41,42,43,44,45,46,47,48,49)/p+1",VVJKKKDJADMKNM-UHFFFAOYSA-O,1,0.8855,0.9039,0.348005326,0
,2392-39-4,0,0,0,0,1,5.40354E-06,0.00241039,0,0.002241769,2392-39-4,2392-39-4,27429,47429,DTXSID3047429,Dexamethasone sodium phosphate,C[C@@H]1C[C@H]2[C@@H]3CCC4=CC(=O)C=C[C@]4(C)[C@@]3(F)[C@@H](O)C[C@]2(C)[C@@]1(O)C(=O)COP(O)(O)=O,"InChI=1S/C22H30FO8P/c1-12-8-16-15-5-4-13-9-14(24)6-7-19(13,2)21(15,23)17(25)10-20(16,3)22(12,27)18(26)11-31-32(28,29)30/h6-7,9,12,15-17,25,27H,4-5,8,10-11H2,1-3H3,(H2,28,29,30)/t12-,15+,16+,17+,19+,20+,21+,22+/m1/s1",VQODGRNSFPNSQE-CXSFZGCWSA-N,1,0.8797,0.9178,0.705702014,1
,24169-02-6,0,0,0,0,1,5.40354E-06,0.00241039,0,0.002241769,24169-02-6,24169-02-6,5226,25226,DTXSID6025226,Econazole nitrate,Clc1cc(Cl)c(cc1)C(C[n]1c[n]cc1)OCc1ccc(Cl)cc1,"InChI=1S/C18H15Cl3N2O/c19-14-3-1-13(2-4-14)11-24-18(10-23-8-7-22-12-23)16-6-5-15(20)9-17(16)21/h1-9,12,18H,10-11H2",LEZWWPYKPKIXLL-UHFFFAOYSA-N,1,0.9008,0.9259,0.340029209,0
CN(C)c1ccc(cc1)C(=N)c1ccc(cc1)N(C)C,2465-27-2,-9.223893531,0,0,-3.074631177,1,5.40354E-06,0.00241039,0,0.002241769,2465-27-2,2465-27-2,114,20114,DTXSID9020114,Auramine hydrochloride,CN(C)c1ccc(cc1)C(=N)c1ccc(cc1)N(C)C,"InChI=1S/C17H21N3/c1-19(2)15-9-5-13(6-10-15)17(18)14-7-11-16(12-8-14)20(3)4/h5-12,18H,1-4H3",JPIYZTWMUGTEHX-UHFFFAOYSA-N,1,0.9126,0.917,0.08148707,0
CC(C)(c1cc(c(O)cc1)C(C)(C)c1ccccc1)c1ccccc1,2772-45-4,-11.54003557,0,0,-3.846678522,1,5.40354E-06,0.00241039,0,0.002241769,2772-45-4,2772-45-4,9241,29241,DTXSID7029241,"2,4-Bis(1-methyl-1-phenylethyl)phenol",CC(C)(c1cc(c(O)cc1)C(C)(C)c1ccccc1)c1ccccc1,"InChI=1S/C24H26O/c1-23(2,18-11-7-5-8-12-18)20-15-16-22(25)21(17-20)24(3,4)19-13-9-6-10-14-19/h5-17,25H,1-4H3",FMUYQRFTLHAARI-UHFFFAOYSA-N,1,0.8841,0.9012,0.338367855,0
,27955-94-8,0,0,0,0,1,5.40354E-06,0.00241039,0,0.002241769,27955-94-8,27955-94-8,17712,37712,DTXSID2037712,"4,4',4""-Ethane-1,1,1-triyltriphenol",CC(c1ccc(O)cc1)(c1ccc(O)cc1)c1ccc(O)cc1,"InChI=1S/C20H18O3/c1-20(14-2-8-17(21)9-3-14,15-4-10-18(22)11-5-15)16-6-12-19(23)13-7-16/h2-13,21-23H,1H3",BRPSWMCDEYMRPE-UHFFFAOYSA-N,1,0.879,0.9027,0.483161743,0
,291305-06-1,0,0,0,0,1,5.40354E-06,0.00241039,0,0.002241769,291305-06-1,291305-06-1,27295,47295,DTXSID5047295,UK-373911,CN[C@H]1CC[C@H](c2ccc(cc21)S(N)(=O)=O)c1cc(Cl)c(Cl)cc1,"InChI=1S/C17H18Cl2N2O2S/c1-21-17-7-5-12(10-2-6-15(18)16(19)8-10)13-4-3-11(9-14(13)17)24(20,22)23/h2-4,6,8-9,12,17,21H,5,7H2,1H3,(H2,20,22,23)/t12-,17-/m0/s1",HGBGXSPIBLZGHS-SJCJKPOMSA-N,1,0.8894,0.9165,0.45792865,0
,2919-66-6,0,0,0,0,1,5.40354E-06,0.00241039,0,0.002241769,2919-66-6,2919-66-6,28158,48184,DTXSID5048184,Melengestrol acetate,CC(=O)[C@@]1(OC(C)=O)C(=C)C[C@H]2[C@@H]3C=C(C)C4=CC(=O)CC[C@]4(C)[C@H]3CC[C@]12C,"InChI=1S/C25H32O4/c1-14-11-19-20(23(5)9-7-18(28)13-21(14)23)8-10-24(6)22(19)12-15(2)25(24,16(3)26)29-17(4)27/h11,13,19-20,22H,2,7-10,12H2,1,3-6H3/t19-,20+,22+,23-,24+,25+/m1/s1",UDKABVSQKJNZBH-DWNQPYOZSA-N,1,0.8798,0.9218,0.756309733,1
,361343-19-3,0,0,0,0,1,5.40354E-06,0.00241039,0,0.002241769,361343-19-3,361343-19-3,27277,47277,DTXSID7047277,Elzasonan,CN1CCN(CC1)c1ccccc1/C=C1\SCCN(C\1=O)c1cc(Cl)c(Cl)cc1,"InChI=1S/C22H23Cl2N3OS/c1-25-8-10-26(11-9-25)20-5-3-2-4-16(20)14-21-22(28)27(12-13-29-21)17-6-7-18(23)19(24)15-17/h2-7,14-15H,8-13H2,1H3/b21-14-",LHYMPSWMHXUWSK-STZFKDTASA-N,1,0.8979,0.9187,0.297478148,0
,3691-35-8,0,0,0,0,1,5.40354E-06,0.00241039,0,0.002241769,3691-35-8,3691-35-8,12348,32348,DTXSID2032348,Chlorophacinone,O=C(C(c1ccc(Cl)cc1)c1ccccc1)C1C(=O)c2ccccc2C1=O,"InChI=1S/C23H15ClO3/c24-16-12-10-15(11-13-16)19(14-6-2-1-3-7-14)23(27)20-21(25)17-8-4-5-9-18(17)22(20)26/h1-13,19-20H",UDHXJZHVNHGCEC-UHFFFAOYSA-N,1,0.8796,0.8982,0.394648204,0
,3844-45-9,0,0,0,0,1,5.40354E-06,0.00241039,0,0.002241769,3844-45-9,3844-45-9,189,20189,DTXSID2020189,FD&C Blue No. 1,"CC[N+](Cc1cc(ccc1)S(O)(=O)=O)=C1C=CC(C=C1)=C(c1ccccc1S(O)(=O)=O)c1ccc(cc1)N(Cc1cc(ccc1)S(O)(=O)=O)CC |c:14,16,19,t:21|","InChI=1S/C37H36N2O9S3/c1-3-38(25-27-9-7-11-33(23-27)49(40,41)42)31-19-15-29(16-20-31)37(35-13-5-6-14-36(35)51(46,47)48)30-17-21-32(22-18-30)39(4-2)26-28-10-8-12-34(24-28)50(43,44)45/h5-24H,3-4,25-26H2,1-2H3,(H2-,40,41,42,43,44,45,46,47,48)/p+1",CTRXDTYTAAKVSM-UHFFFAOYSA-O,1,0.8862,0.9007,0.286779953,0
,427-51-0,0,0,0,0,1,5.40354E-06,0.00241039,0,0.002241769,427-51-0,427-51-0,366,20366,DTXSID5020366,Cyproterone acetate,C[C@]12CC[C@H]3[C@@H](C=C(Cl)C4=CC(=O)[C@@H]5C[C@@H]5[C@@]43C)[C@@H]1CC[C@]2(OC(C)=O)C(C)=O,"InChI=1S/C24H29ClO4/c1-12(26)24(29-13(2)27)8-6-16-14-10-20(25)19-11-21(28)15-9-18(15)23(19,4)17(14)5-7-22(16,24)3/h10-11,14-18H,5-9H2,1-4H3/t14-,15+,16-,17-,18-,22-,23-,24-/m0/s1",UWFYSQMTEOIJJG-FDTZYFLXSA-N,1,0.8813,0.9174,0.665986475,1
,444610-91-7,0,0,0,0,1,5.40354E-06,0.00241039,0,0.002241769,444610-91-7,444610-91-7,27315,47315,DTXSID6047315,PharmaGSID_47315,COc1ccc(cc1)N1CCN(Cc2[n]c([s]c2CSc2cc(CC)c(cc2)OCC(O)=O)-c2ccc(cc2)C(F)(F)F)CC1,"InChI=1S/C33H34F3N3O4S2/c1-3-22-18-27(12-13-29(22)43-20-31(40)41)44-21-30-28(37-32(45-30)23-4-6-24(7-5-23)33(34,35)36)19-38-14-16-39(17-15-38)25-8-10-26(42-2)11-9-25/h4-13,18H,3,14-17,19-21H2,1-2H3,(H,40,41)",CESIUPFUCGHEPP-UHFFFAOYSA-N,1,0.8913,0.9097,0.307620205,0
OC(=O)c1cc(ccc1)N(Cc1c[n]ccc1)c1cc(OC(F)F)c(cc1)OC(F)F,460081-99-6,-7.189649727,0,0,-2.396549909,1,5.40354E-06,0.00241039,0,0.002241769,460081-99-6,460081-99-6,28484,48510,DTXSID9048510,PharmaGSID_48510,OC(=O)c1cc(ccc1)N(Cc1c[n]ccc1)c1cc(OC(F)F)c(cc1)OC(F)F,"InChI=1S/C21H16F4N2O4/c22-20(23)30-17-7-6-16(10-18(17)31-21(24)25)27(12-13-3-2-8-26-11-13)15-5-1-4-14(9-15)19(28)29/h1-11,20-21H,12H2,(H,28,29)",GLUDVMFRXKAGHO-UHFFFAOYSA-N,1,0.8963,0.9028,0.146021414,0
,50-14-6,0,0,0,0,1,5.40354E-06,0.00241039,0,0.002241769,50-14-6,50-14-6,233,20233,DTXSID5020233,Ergocalciferol,CC(C)[C@@H](C)/C=C/[C@@H](C)[C@H]1CC[C@H]2/C(/CCC[C@@]21C)=C/C=C1/C[C@@H](O)CCC/1=C,"InChI=1S/C28H44O/c1-19(2)20(3)9-10-22(5)26-15-16-27-23(8-7-17-28(26,27)6)12-13-24-18-25(29)14-11-21(24)4/h9-10,12-13,19-20,22,25-27,29H,4,7-8,11,14-18H2,1-3,5-6H3/b10-9+,23-12+,24-13-/t20-,22+,25-,26+,27-,28+/m0/s1",MECHNRXZTMCUDQ-RKHKHRCZSA-N,1,0.9197,0.9488,0.270290845,0
,50-41-9,0,0,0,0,1,5.40354E-06,0.00241039,0,0.002241769,50-41-9,50-41-9,337,20337,DTXSID8020337,Clomiphene citrate,CCN(CCOc1ccc(cc1)C(=C(Cl)c1ccccc1)c1ccccc1)CC,"InChI=1S/C26H28ClNO/c1-3-28(4-2)19-20-29-24-17-15-22(16-18-24)25(21-11-7-5-8-12-21)26(27)23-13-9-6-10-14-23/h5-18H,3-4,19-20H2,1-2H3",GKIRPKYJQBWNGO-UHFFFAOYSA-N,1,0.8859,0.8915,0.182803873,0
COC(=O)[C@@H]1[C@@H](OC)[C@@H](C[C@@H]2CN3CCc4c([nH]c5cc(ccc45)OC)[C@H]3C[C@@H]21)OC(=O)c1cc(OC)c(OC)c(c1)OC,50-55-5,-1.628479593,0,0,-0.542826531,1,5.40354E-06,0.00241039,0,0.002241769,50-55-5,50-55-5,1237,21237,DTXSID7021237,Reserpine,COC(=O)[C@@H]1[C@@H](OC)[C@@H](C[C@@H]2CN3CCc4c([nH]c5cc(ccc45)OC)[C@H]3C[C@@H]21)OC(=O)c1cc(OC)c(OC)c(c1)OC,"InChI=1S/C33H40N2O9/c1-38-19-7-8-20-21-9-10-35-16-18-13-27(44-32(36)17-11-25(39-2)30(41-4)26(12-17)40-3)31(42-5)28(33(37)43-6)22(18)15-24(35)29(21)34-23(20)14-19/h7-8,11-12,14,18,22,24,27-28,31,34H,9-10,13,15-16H2,1-6H3/t18-,22+,24-,27-,28+,31+/m1/s1",QEVHRUUCFGRFIF-MDEJGZGSSA-N,1,0.8924,0.9143,0.351665477,0
,5116-94-9,0,0,0,0,1,5.40354E-06,0.00241039,0,0.002241769,5116-94-9,5116-94-9,22169,42169,DTXSID0042169,Monotridecyl phosphate,CCCCCCCCCCCCCOP(O)(O)=O,"InChI=1S/C13H29O4P/c1-2-3-4-5-6-7-8-9-10-11-12-13-17-18(14,15)16/h2-13H2,1H3,(H2,14,15,16)",GAJQCIFYLSXSEZ-UHFFFAOYSA-N,1,0.9157,0.8897,0.010397628,0
,5137-55-3,0,0,0,0,1,5.40354E-06,0.00241039,0,0.002241769,5137-55-3,5137-55-3,24487,44487,DTXSID1044487,Methyltrioctylammonium chloride,C[N+](CCCCCCCC)(CCCCCCCC)CCCCCCCC,"InChI=1S/C25H54N/c1-5-8-11-14-17-20-23-26(4,24-21-18-15-12-9-6-2)25-22-19-16-13-10-7-3/h5-25H2,1-4H3/q+1",ZUZLIXGTXQBUDC-UHFFFAOYSA-N,1,0.9407,0.9292,0.012423745,0
,55285-14-8,0,0,0,0,1,5.40354E-06,0.00241039,0,0.002241769,55285-14-8,55285-14-8,3950,23950,DTXSID5023950,Carbosulfan,CN(SN(CCCC)CCCC)C(=O)Oc1cccc2CC(C)(C)Oc21,"InChI=1S/C20H32N2O3S/c1-6-8-13-22(14-9-7-2)26-21(5)19(23)24-17-12-10-11-16-15-20(3,4)25-18(16)17/h10-12H,6-9,13-15H2,1-5H3",JLQUFIHWVLZVTJ-UHFFFAOYSA-N,1,0.8789,0.8877,0.256963477,0
,56-95-1,0,0,0,0,1,5.40354E-06,0.00241039,0,0.002241769,56-95-1,56-95-1,12345,32345,DTXSID7032345,Chlorhexidine diacetate,N=C(NC(=N)NCCCCCCNC(=N)NC(=N)Nc1ccc(Cl)cc1)Nc1ccc(Cl)cc1,"InChI=1S/C22H30Cl2N10/c23-15-5-9-17(10-6-15)31-21(27)33-19(25)29-13-3-1-2-4-14-30-20(26)34-22(28)32-18-11-7-16(24)8-12-18/h5-12H,1-4,13-14H2,(H5,25,27,29,31,33)(H5,26,28,30,32,34)",GHXZTYHSJHQHIJ-UHFFFAOYSA-N,1,0.9088,0.9221,0.153651925,0
,57-09-0,0,0,0,0,1,5.40354E-06,0.00241039,0,0.002241769,57-09-0,57-09-0,17028,37028,DTXSID5037028,Hexadecyltrimethylammonium bromide,CCCCCCCCCCCCCCCC[N+](C)(C)C,"InChI=1S/C19H42N/c1-5-6-7-8-9-10-11-12-13-14-15-16-17-18-19-20(2,3)4/h5-19H2,1-4H3/q+1",RLGQACBPNDBWTB-UHFFFAOYSA-N,1,0.9373,0.9282,0.016183966,0
,577-11-7,0,0,0,0,1,5.40354E-06,0.00241039,0,0.002241769,577-11-7,577-11-7,2959,22959,DTXSID8022959,Docusate sodium,CCC(COC(=O)CC(C(=O)OCC(CCCC)CC)S(O)(=O)=O)CCCC,"InChI=1S/C20H38O7S/c1-5-9-11-16(7-3)14-26-19(21)13-18(28(23,24)25)20(22)27-15-17(8-4)12-10-6-2/h16-18H,5-15H2,1-4H3,(H,23,24,25)",HNSDLXPSAYFUHK-UHFFFAOYSA-N,1,0.9243,0.9039,0.011511819,0
,588941-45-1,0,0,0,0,1,5.40354E-06,0.00241039,0,0.002241769,588941-45-1,588941-45-1,28480,48506,DTXSID5048506,PharmaGSID_48506,CS(=O)(=O)c1ccc(cc1Cl)[C@@H](CC1CCCC1)C(=O)Nc1c[n]cc[n]1,"InChI=1S/C19H22ClN3O3S/c1-27(25,26)17-7-6-14(11-16(17)20)15(10-13-4-2-3-5-13)19(24)23-18-12-21-8-9-22-18/h6-9,11-13,15H,2-5,10H2,1H3,(H,22,23,24)/t15-/m1/s1",QULLOTSYPAOTIW-OAHLLOKOSA-N,1,0.8895,0.9059,0.291472877,0
,59227-89-3,0,0,0,0,1,5.40354E-06,0.00241039,0,0.002241769,59227-89-3,59227-89-3,22086,42086,DTXSID0042086,Laurocapram,CCCCCCCCCCCCN1CCCCCC1=O,"InChI=1S/C18H35NO/c1-2-3-4-5-6-7-8-9-10-13-16-19-17-14-11-12-15-18(19)20/h2-17H2,1H3",AXTGDCSMTYGJND-UHFFFAOYSA-N,1,0.8947,0.8978,0.125298347,0
Oc1cc2ccc(cc2cc1)SSc1cc2ccc(O)cc2cc1,6088-51-3,-11.76465037,-9.885949186,0,-7.216866519,1,5.40354E-06,0.00241039,0,0.002241769,6088-51-3,6088-51-3,5429,25429,DTXSID7025429,6-Hydroxy-2-naphthyl disulfide,Oc1cc2ccc(cc2cc1)SSc1cc2ccc(O)cc2cc1,"InChI=1S/C20H14O2S2/c21-17-5-1-15-11-19(7-3-13(15)9-17)23-24-20-8-4-14-10-18(22)6-2-16(14)12-20/h1-12,21-22H",AHXGXXJEEHFHDK-UHFFFAOYSA-N,1,0.9048,0.9278,0.282867485,0
,61-73-4,0,0,0,0,1,5.40354E-06,0.00241039,0,0.002241769,61-73-4,61-73-4,3296,23296,DTXSID0023296,Methylene blue,CN(C)c1cc2[s+]c3cc(ccc3[n]c2cc1)N(C)C,"InChI=1S/C16H18N3S/c1-18(2)11-5-7-13-15(9-11)20-16-10-12(19(3)4)6-8-14(16)17-13/h5-10H,1-4H3/q+1",RBTBFTRPCNLSDE-UHFFFAOYSA-N,1,0.9078,0.9183,0.134460888,0
,630-56-8,0,0,0,0,1,5.40354E-06,0.00241039,0,0.002241769,630-56-8,630-56-8,23915,43915,DTXSID6043915,Hydroxyprogesterone caproate,CC(=O)[C@]1(CC[C@H]2[C@@H]3CCC4=CC(=O)CC[C@]4(C)[C@H]3CC[C@]12C)OC(=O)CCCCC,"InChI=1S/C27H40O4/c1-5-6-7-8-24(30)31-27(18(2)28)16-13-23-21-10-9-19-17-20(29)11-14-25(19,3)22(21)12-15-26(23,27)4/h17,21-23H,5-16H2,1-4H3/t21-,22+,23+,25+,26+,27+/m1/s1",DOMWKUIIPQCAJU-LJHIYBGHSA-N,1,0.8589,0.9031,0.874451198,1
CCCCCCCCN1SC(Cl)=C(Cl)C1=O,64359-81-5,-7.958135618,-7.764427692,0,-5.240854437,1,5.40354E-06,0.00241039,0,0.002241769,64359-81-5,64359-81-5,12315,32315,DTXSID5032315,"4,5-Dichloro-2-octyl-3(2H)-isothiazolone",CCCCCCCCN1SC(Cl)=C(Cl)C1=O,"InChI=1S/C11H17Cl2NOS/c1-2-3-4-5-6-7-8-14-11(15)9(12)10(13)16-14/h2-8H2,1H3",PORQOHRXAJJKGK-UHFFFAOYSA-N,1,0.8917,0.8981,0.164193269,0
,65277-42-1,0,0,0,0,1,5.40354E-06,0.00241039,0,0.002241769,65277-42-1,65277-42-1,9879,29879,DTXSID7029879,Ketoconazole,CC(=O)N1CCN(CC1)c1ccc(cc1)OC[C@H]1CO[C@@](C[n]2c[n]cc2)(O1)c1ccc(Cl)cc1Cl,"InChI=1S/C26H28Cl2N4O4/c1-19(33)31-10-12-32(13-11-31)21-3-5-22(6-4-21)34-15-23-16-35-26(36-23,17-30-9-8-29-18-30)24-7-2-20(27)14-25(24)28/h2-9,14,18,23H,10-13,15-17H2,1H3/t23-,26-/m0/s1",XMAYWYJOQHXEEK-OZXSUGGESA-N,1,0.8791,0.9097,0.59662747,1
,67485-29-4,0,0,0,0,1,5.40354E-06,0.00241039,0,0.002241769,67485-29-4,67485-29-4,3868,23868,DTXSID6023868,Hydramethylnon,CC1(C)CNC(NC1)=NN=C(/C=C/c1ccc(cc1)C(F)(F)F)/C=C/c1ccc(cc1)C(F)(F)F,"InChI=1S/C25H24F6N4/c1-23(2)15-32-22(33-16-23)35-34-21(13-7-17-3-9-19(10-4-17)24(26,27)28)14-8-18-5-11-20(12-6-18)25(29,30)31/h3-14H,15-16H2,1-2H3,(H2,32,33,35)/b13-7+,14-8+",IQVNEKKDSLOHHK-FNCQTZNRSA-N,1,0.8999,0.9268,0.374213505,0
,676116-04-4,0,0,0,0,1,5.40354E-06,0.00241039,0,0.002241769,676116-04-4,676116-04-4,27271,47271,DTXSID7047271,PD 0343701,Cc1cc(CCN2CCN(CC2)c2[n][s]c3ccccc32)cc2c1NC(=O)CC2(C)C,"InChI=1S/C25H30N4OS/c1-17-14-18(15-20-23(17)26-22(30)16-25(20,2)3)8-9-28-10-12-29(13-11-28)24-19-6-4-5-7-21(19)31-27-24/h4-7,14-15H,8-13,16H2,1-3H3,(H,26,30)",SRAQFALNAGNAQE-UHFFFAOYSA-N,1,0.8856,0.9164,0.549643971,1
,68392-35-8,0,0,0,0,1,5.40354E-06,0.00241039,0,0.002241769,68392-35-8,68392-35-8,28161,37094,DTXSID3037094,4-Hydroxytamoxifen,CCC(=C(c1ccc(cc1)OCCN(C)C)c1ccc(O)cc1)c1ccccc1,"InChI=1S/C26H29NO2/c1-4-25(20-8-6-5-7-9-20)26(21-10-14-23(28)15-11-21)22-12-16-24(17-13-22)29-19-18-27(2)3/h5-17,28H,4,18-19H2,1-3H3",TXUZVZSFRXZGTL-UHFFFAOYSA-N,1,0.8721,0.8862,0.379450237,0
,686756-87-6,0,0,0,0,1,5.40354E-06,0.00241039,0,0.002241769,686756-87-6,686756-87-6,28493,48519,DTXSID4048519,PharmaGSID_48519,CN1C(=O)N(Cc2c[n]c(Nc3cc4OCC(CO)Oc4cc3)[n]c12)c1ccccc1Br,"InChI=1S/C22H20BrN5O4/c1-27-20-13(10-28(22(27)30)17-5-3-2-4-16(17)23)9-24-21(26-20)25-14-6-7-18-19(8-14)31-12-15(11-29)32-18/h2-9,15,29H,10-12H2,1H3,(H,24,25,26)",KCIDXSZMKJKCSV-UHFFFAOYSA-N,1,0.8942,0.9153,0.326904002,0
,72-33-3,0,0,0,0,1,5.40354E-06,0.00241039,0,0.002241769,72-33-3,72-33-3,814,20814,DTXSID0020814,Mestranol,C[C@]12CC[C@H]3[C@@H](CCc4cc(ccc43)OC)[C@@H]1CC[C@@]2(O)C#C,"InChI=1S/C21H26O2/c1-4-21(22)12-10-19-18-7-5-14-13-15(23-3)6-8-16(14)17(18)9-11-20(19,21)2/h1,6,8,13,17-19,22H,5,7,9-12H2,2-3H3/t17-,18-,19+,20+,21+/m1/s1",IMSSROKUHAOUJS-MJCUULBUSA-N,1,0.8667,0.9216,0.91763109,1
,725228-45-5,0,0,0,0,1,5.40354E-06,0.00241039,0,0.002241769,725228-45-5,725228-45-5,27371,47371,DTXSID0047371,AVE5638,NCc1cc(ccc1)C1CCN(CC1)C(=O)c1ccc(C#Cc2ccccc2F)o1,"InChI=1S/C25H23FN2O2/c26-23-7-2-1-5-20(23)8-9-22-10-11-24(30-22)25(29)28-14-12-19(13-15-28)21-6-3-4-18(16-21)17-27/h1-7,10-11,16,19H,12-15,17,27H2",FTLQSQQQFMZPKO-UHFFFAOYSA-N,1,0.8994,0.9176,0.253343904,0
,77-09-8,0,0,0,0,1,5.40354E-06,0.00241039,0,0.002241769,77-09-8,77-09-8,1125,21125,DTXSID0021125,Phenolphthalein,Oc1ccc(cc1)C1(OC(=O)c2ccccc12)c1ccc(O)cc1,"InChI=1S/C20H14O4/c21-15-9-5-13(6-10-15)20(14-7-11-16(22)12-8-14)18-4-2-1-3-17(18)19(23)24-20/h1-12,21-22H",KJFMBFZCATUALV-UHFFFAOYSA-N,1,0.8883,0.915,0.459917922,0
,79622-59-6,0,0,0,0,1,5.40354E-06,0.00241039,0,0.002241769,79622-59-6,79622-59-6,12551,32551,DTXSID7032551,Fluazinam,[O-][N+](=O)c1cc(c(Cl)c(c1Nc1[n]cc(cc1Cl)C(F)(F)F)[N+]([O-])=O)C(F)(F)F,"InChI=1S/C13H4Cl2F6N4O4/c14-6-1-4(12(16,17)18)3-22-11(6)23-9-7(24(26)27)2-5(13(19,20)21)8(15)10(9)25(28)29/h1-3H,(H,22,23)",UZCGKGPEKUCDTF-UHFFFAOYSA-N,1,0.9158,0.9385,0.214452857,0
,81741-28-8,0,0,0,0,1,5.40354E-06,0.00241039,0,0.002241769,81741-28-8,81741-28-8,14997,34997,DTXSID9034997,Tributyltetradecylphosphonium chloride,CCCCCCCCCCCCCC[P+](CCCC)(CCCC)CCCC,"InChI=1S/C26H56P/c1-5-9-13-14-15-16-17-18-19-20-21-22-26-27(23-10-6-2,24-11-7-3)25-12-8-4/h5-26H2,1-4H3/q+1",YCBRTSYWJMECAH-UHFFFAOYSA-N,1,0.9465,0.9301,0.007486326,0
,82640-04-8,0,0,0,0,1,5.40354E-06,0.00241039,0,0.002241769,82640-04-8,82640-04-8,14181,34181,DTXSID1034181,Raloxifene hydrochloride,Oc1ccc(cc1)-c1[s]c2cc(O)ccc2c1C(=O)c1ccc(cc1)OCCN1CCCCC1,"InChI=1S/C28H27NO4S/c30-21-8-4-20(5-9-21)28-26(24-13-10-22(31)18-25(24)34-28)27(32)19-6-11-23(12-7-19)33-17-16-29-14-2-1-3-15-29/h4-13,18,30-31H,1-3,14-17H2",GZUITABIAKMVPG-UHFFFAOYSA-N,1,0.8743,0.9052,0.637224765,1
,83-79-4,0,0,0,0,1,5.40354E-06,0.00241039,0,0.002241769,83-79-4,83-79-4,1248,21248,DTXSID6021248,Rotenone,CC(=C)[C@H]1Cc2c3O[C@@H]4COc5cc(OC)c(cc5[C@@H]4C(=O)c3ccc2O1)OC,"InChI=1S/C23H22O6/c1-11(2)16-8-14-15(28-16)6-5-12-22(24)21-13-7-18(25-3)19(26-4)9-17(13)27-10-20(21)29-23(12)14/h5-7,9,16,20-21H,1,8,10H2,2-4H3/t16-,20-,21+/m1/s1",JUVIOZPCNVVQFO-HBGVWJBISA-N,1,0.8979,0.9224,0.351691876,0
,85509-19-9,0,0,0,0,1,5.40354E-06,0.00241039,0,0.002241769,85509-19-9,85509-19-9,4235,24235,DTXSID3024235,Flusilazole,C[Si](C[n]1c[n]c[n]1)(c1ccc(F)cc1)c1ccc(F)cc1,"InChI=1S/C16H15F2N3Si/c1-22(12-21-11-19-10-20-21,15-6-2-13(17)3-7-15)16-8-4-14(18)5-9-16/h2-11H,12H2,1H3",FQKUGOMFVDPBIZ-UHFFFAOYSA-N,1,0.9097,0.9236,0.155180289,0
,88-24-4,0,0,0,0,1,5.40354E-06,0.00241039,0,0.002241769,88-24-4,88-24-4,18864,38864,DTXSID7038864,"2,2'-Methylenebis(ethyl-6-tert-butylphenol)",CC(C)(C)c1cc(CC)cc(Cc2cc(CC)cc(c2O)C(C)(C)C)c1O,"InChI=1S/C25H36O2/c1-9-16-11-18(22(26)20(13-16)24(3,4)5)15-19-12-17(10-2)14-21(23(19)27)25(6,7)8/h11-14,26-27H,9-10,15H2,1-8H3",GPNYZBKIGXGYNU-UHFFFAOYSA-N,1,0.8947,0.9092,0.235065847,0
CCN(CC)C(=S)SSC(=S)N(CC)CC,97-77-8,-7.206573523,-7.499112059,0,-4.901895194,1,5.40354E-06,0.00241039,0,0.002241769,97-77-8,97-77-8,1322,21322,DTXSID1021322,Disulfiram,CCN(CC)C(=S)SSC(=S)N(CC)CC,"InChI=1S/C10H20N2S4/c1-5-11(6-2)9(13)15-16-10(14)12(7-3)8-4/h5-8H2,1-4H3",AUZONCFQVSMFAP-UHFFFAOYSA-N,1,0.9457,0.9379,0.013572211,0
,DB00687,0,0,0,0,1,5.40354E-06,0.00241039,0,0.002241769,,DB00687,,,,,CC12CCC(=O)C=C1CCC1C3CCC(O)(C(=O)CO)C3(C)CC(O)C21F,"InChI=1S/C21H29FO5/c1-18-7-5-13(24)9-12(18)3-4-15-14-6-8-20(27,17(26)11-23)19(14,2)10-16(25)21(15,18)22/h9,14-16,23,25,27H,3-8,10-11H2,1-2H3",AAXVEMMRQDVLJB-UHFFFAOYSA-N,1,0.8669,0.9155,0.878943083,1
,DB00984,0,0,0,0,1,5.40354E-06,0.00241039,0,0.002241769,,DB00984,,,,,CC12CCC3C4CCC(=O)C=C4CCC3C1CCC2OC(=O)CCc1ccccc1,"InChI=1S/C27H34O3/c1-27-16-15-22-21-11-9-20(28)17-19(21)8-10-23(22)24(27)12-13-25(27)30-26(29)14-7-18-5-3-2-4-6-18/h2-6,17,21-25H,7-16H2,1H3",UBWXUGDQUBIEIZ-UHFFFAOYSA-N,1,0.8584,0.8992,0.849294363,1
,DB01185,0,0,0,0,1,5.40354E-06,0.00241039,0,0.002241769,,DB01185,,,,,CC1(O)CCC2C3CCC4=CC(=O)CCC4(C)C3(F)C(O)CC12C,"InChI=1S/C20H29FO3/c1-17-8-6-13(22)10-12(17)4-5-15-14-7-9-19(3,24)18(14,2)11-16(23)20(15,17)21/h10,14-16,23-24H,4-9,11H2,1-3H3",YLRFCQOZQXIBAB-UHFFFAOYSA-N,1,0.8715,0.9297,0.922707162,1
,DB01395,0,0,0,0,1,5.40354E-06,0.00241039,0,0.002241769,,DB01395,,,,,CC12CCC3C(C1C1CC1C12CCC(=O)O1)C1CC1C1=CC(=O)CCC13C,"InChI=1S/C24H30O3/c1-22-6-3-12(25)9-17(22)13-10-14(13)20-16(22)4-7-23(2)21(20)15-11-18(15)24(23)8-5-19(26)27-24/h9,13-16,18,20-21H,3-8,10-11H2,1-2H3",METQSPRSQINEEU-UHFFFAOYSA-N,1,0.8818,0.9265,0.777311404,1
,DB01406,0,0,0,0,1,5.40354E-06,0.00241039,0,0.002241769,,DB01406,,,,,CC12CCC3C(CCC4=Cc5o[n]cc5CC43C)C1CCC2(O)C#C,"InChI=1S/C22H27NO2/c1-4-22(24)10-8-18-16-6-5-15-11-19-14(13-23-25-19)12-20(15,2)17(16)7-9-21(18,22)3/h1,11,13,16-18,24H,5-10,12H2,2-3H3",POZRVZJJTULAOH-UHFFFAOYSA-N,1,0.8931,0.9413,0.755282953,1
,DB01420,0,0,0,0,1,5.40354E-06,0.00241039,0,0.002241769,,DB01420,,,,,CCC(=O)OC1CCC2C3CCC4=CC(=O)CCC4(C)C3CCC12C,"InChI=1S/C22H32O3/c1-4-20(24)25-19-8-7-17-16-6-5-14-13-15(23)9-11-21(14,2)18(16)10-12-22(17,19)3/h13,16-19H,4-12H2,1-3H3",PDMMFKSKQVNJMI-UHFFFAOYSA-N,1,0.853,0.9074,0.943236997,1
,DB01564,0,0,0,0,1,5.40354E-06,0.00241039,0,0.002241769,,DB01564,,,,,CC1CC2=CC(=O)CCC2(C)C2CCC3(C)C(CCC3(C)O)C12,"InChI=1S/C21H32O2/c1-13-11-14-12-15(22)5-8-19(14,2)16-6-9-20(3)17(18(13)16)7-10-21(20,4)23/h12-13,16-18,23H,5-11H2,1-4H3",IVFYLRMMHVYGJH-UHFFFAOYSA-N,1,0.8682,0.9282,0.93729767,1
,DB04839,0,0,0,0,1,5.40354E-06,0.00241039,0,0.002241769,,DB04839,,,,,CC12CCC3C(C=C(Cl)C4=CC(=O)C5CC5C43C)C1CCC2(OC(C)=O)C(C)=O,"InChI=1S/C24H29ClO4/c1-12(26)24(29-13(2)27)8-6-16-14-10-20(25)19-11-21(28)15-9-18(15)23(19,4)17(14)5-7-22(16,24)3/h10-11,14-18H,5-9H2,1-4H3",UWFYSQMTEOIJJG-UHFFFAOYSA-N,1,0.8831,0.9147,0.582213772,1
,DB06412,0,0,0,0,1,5.40354E-06,0.00241039,0,0.002241769,,DB06412,,,,,CC1(O)CCC2C3CCC4CC(=O)C(CC4(C)C3CCC12C)=CO,"InChI=1S/C21H32O3/c1-19-11-13(12-22)18(23)10-14(19)4-5-15-16(19)6-8-20(2)17(15)7-9-21(20,3)24/h12,14-17,22,24H,4-11H2,1-3H3/b13-12-",ICMWWNHDUZJFDW-SEYXRHQNSA-N,1,0.8882,0.9344,0.759157865,1
,DB08804,0,0,0,0,1,5.40354E-06,0.00241039,0,0.002241769,,DB08804,,,,,CCCCCCCCCC(=O)OC1CCC2C3CCC4=CC(=O)CCC4C3CCC21C,"InChI=1S/C28H44O3/c1-3-4-5-6-7-8-9-10-27(30)31-26-16-15-25-24-13-11-20-19-21(29)12-14-22(20)23(24)17-18-28(25,26)2/h19,22-26H,3-18H2,1-2H3",JKWKMORAXJQQSR-UHFFFAOYSA-N,1,0.8561,0.8937,0.830274798,1
,DB08899,0,0,0,0,1,5.40354E-06,0.00241039,0,0.002241769,,DB08899,,,,,CC1(C)C(=O)N(C(=S)N1c1cc(F)c(cc1)C(=O)NC)c1cc(c(cc1)C#N)C(F)(F)F,"InChI=1S/C21H16F4N4O2S/c1-20(2)18(31)28(12-5-4-11(10-26)15(8-12)21(23,24)25)19(32)29(20)13-6-7-14(16(22)9-13)17(30)27-3/h4-9H,1-3H3,(H,27,30)",WXCXUHSOUPDCQV-UHFFFAOYSA-N,1,0.8926,0.9164,0.379695208,0
,NOCAS_47311,0,0,0,0,1,5.40354E-06,0.00241039,0,0.002241769,,NOCAS_47311,27311,47311,DTXSID6047311,GSK163929B,Cc1[n]c2ccccc2[n]1C1CC2CCC(C1)N2CCC1(CCN(CC1)C(=O)c1cc(c(F)cc1Cl)S(=O)(=O)NC)c1cccc(F)c1,"InChI=1S/C36H40ClF2N5O3S/c1-23-41-32-8-3-4-9-33(32)44(23)28-19-26-10-11-27(20-28)43(26)17-14-36(24-6-5-7-25(38)18-24)12-15-42(16-13-36)35(45)29-21-34(48(46,47)40-2)31(39)22-30(29)37/h3-9,18,21-22,26-28,40H,10-17,19-20H2,1-2H3",AWXQYTLSBPWDMJ-UHFFFAOYSA-N,1,0.8854,0.9117,0.47608598,0
,NOCAS_47328,0,0,0,0,1,5.40354E-06,0.00241039,0,0.002241769,,NOCAS_47328,27328,47328,DTXSID5047328,MK-274,NC(=O)c1[nH]c([n][n]1)-c1cc(ccc1)-c1cc(F)ccc1OCC(F)(F)C(F)(F)F,"InChI=1S/C18H12F6N4O2/c19-11-4-5-13(30-8-17(20,21)18(22,23)24)12(7-11)9-2-1-3-10(6-9)15-26-16(14(25)29)28-27-15/h1-7H,8H2,(H2,25,29)(H,26,27,28)",OWSLGPREZQMVQP-UHFFFAOYSA-N,1,0.9013,0.9108,0.151428434,0
Fc1ccccc1[C@@H](F)CO[C@@H]1CC[C@H](CC1)Nc1:[nH]:c:[n]:c2:[n]:[n]:c:c:1-2,NOCAS_47334,-11.4541753,-1.666684127,0,-4.373619809,1,5.40354E-06,0.00241039,0,0.002241769,,NOCAS_47334,27334,47334,DTXSID9047334,MK-968,Fc1ccccc1[C@@H](F)CO[C@@H]1CC[C@H](CC1)Nc1:[nH]:c:[n]:c2:[n]:[n]:c:c:1-2,"InChI=1S/C19H21F2N5O/c20-16-4-2-1-3-14(16)17(21)10-27-13-7-5-12(6-8-13)25-18-15-9-24-26-19(15)23-11-22-18/h1-4,9,11-13,17H,5-8,10H2,(H2,22,23,24,25,26)/t12-,13-,17-/m0/s1",GHKNHBRWJYMSHK-DCGLDWPTSA-N,1,0.9141,0.9284,0.141010347,0
,NOCAS_47353,0,0,0,0,1,5.40354E-06,0.00241039,0,0.002241769,,NOCAS_47353,27353,47353,DTXSID2047353,SSR241586,CN(C)C(=O)C1(CCN(CCC2(CN(CCO2)C(=O)c2ccccc2)c2cc(Cl)c(Cl)cc2)CC1)N1CCCCC1,"InChI=1S/C32H42Cl2N4O3/c1-35(2)30(40)31(38-16-7-4-8-17-38)13-18-36(19-14-31)20-15-32(26-11-12-27(33)28(34)23-26)24-37(21-22-41-32)29(39)25-9-5-3-6-10-25/h3,5-6,9-12,23H,4,7-8,13-22,24H2,1-2H3",RVQZVVJLIUXDPN-UHFFFAOYSA-N,1,0.8886,0.9127,0.414780148,0
CC(C)N1CCC(CC1)NC(=O)c1cc2cc(ccc2[n]1Cc1cc(o[n]1)-c1ccc(Cl)[s]1)C(=O)O[C@@H](C)OC(=O)OCC,NOCAS_47377,-1.233447426,0,0,-0.411149142,1,5.40354E-06,0.00241039,0,0.002241769,,NOCAS_47377,27377,47377,DTXSID0047377,AVE6324,CC(C)N1CCC(CC1)NC(=O)c1cc2cc(ccc2[n]1Cc1cc(o[n]1)-c1ccc(Cl)[s]1)C(=O)O[C@@H](C)OC(=O)OCC,"InChI=1S/C31H35ClN4O7S/c1-5-40-31(39)42-19(4)41-30(38)20-6-7-24-21(14-20)15-25(29(37)33-22-10-12-35(13-11-22)18(2)3)36(24)17-23-16-26(43-34-23)27-8-9-28(32)44-27/h6-9,14-16,18-19,22H,5,10-13,17H2,1-4H3,(H,33,37)/t19-/m1/s1",GJTKAAFWJZWEPS-LJQANCHMSA-N,1,0.8925,0.9121,0.316721296,0
,NOCAS_47379,0,0,0,0,1,5.40354E-06,0.00241039,0,0.002241769,,NOCAS_47379,27379,47379,DTXSID0047379,SSR126768,CCN(Cc1c[n]ccc1)C(=O)c1cccc(Cl)c1[C@]1(C)C(=O)N(Cc2ccc(cc2OC)OC)c2ccc(Cl)cc12,"InChI=1S/C33H31Cl2N3O4/c1-5-37(19-21-8-7-15-36-18-21)31(39)25-9-6-10-27(35)30(25)33(2)26-16-23(34)12-14-28(26)38(32(33)40)20-22-11-13-24(41-3)17-29(22)42-4/h6-18H,5,19-20H2,1-4H3/t33-/m1/s1",UNYCSANQWMNNCS-MGBGTMOVSA-N,1,0.8832,0.9106,0.511873619,1
,NOCAS_47389,0,0,0,0,1,5.40354E-06,0.00241039,0,0.002241769,,NOCAS_47389,27389,47389,DTXSID4047389,SAR150640,CCOC(=O)c1ccc(cc1)[C@@H]1CC[C@H](CC1)NC[C@H](O)COc1ccc(O)c(c1)NS(C)(=O)=O,"InChI=1S/C25H34N2O7S/c1-3-33-25(30)19-6-4-17(5-7-19)18-8-10-20(11-9-18)26-15-21(28)16-34-22-12-13-24(29)23(14-22)27-35(2,31)32/h4-7,12-14,18,20-21,26-29H,3,8-11,15-16H2,1-2H3/t18-,20-,21-/m0/s1",WCPJDRQPTLGHOD-JBACZVJFSA-N,1,0.8821,0.8975,0.327142639,0
,NOCAS_48505,0,0,0,0,1,5.40354E-06,0.00241039,0,0.002241769,,NOCAS_48505,28479,48505,DTXSID0048505,PharmaGSID_48505,Cc1[nH][n]c2Nc3ccc(cc3C(=Nc21)c1ccccc1Cl)[N+]([O-])=O,"InChI=1S/C17H12ClN5O2/c1-9-15-17(22-21-9)19-14-7-6-10(23(24)25)8-12(14)16(20-15)11-4-2-3-5-13(11)18/h2-8H,1H3,(H2,19,21,22)",UVLBAPBHAHFJSY-UHFFFAOYSA-N,1,0.8956,0.9132,0.268776886,0
